pet_a,pet_b,compatibility_score
0,266,0.6641195420738296
0,52,0.8964783015803726
0,259,0.43289435849360264
0,123,0.6257380826791532
0,359,0.738790083939976
0,345,0.8472600540699581
0,224,0.7471868393346693
0,38,0.8009115784450871
0,398,0.7144811262930881
0,98,0.6224297760425924
0,76,0.6165464255662121
0,225,0.6489672964253828
1,29,0.45193061988046623
1,351,0.5348495324794266
1,461,0.5892631772119838
1,317,1.0
1,347,0.9080515582369987
1,350,0.6685331147134475
2,416,0.5524037487621978
2,3,0.6619390679506202
2,300,0.855224335591529
2,232,0.6320644393232919
2,131,0.5093981760396997
2,50,1.0
3,48,0.2910716064204398
3,71,0.6566097079554081
3,23,0.801525749380472
3,9,0.6419115274604572
3,175,0.6374790032070684
3,33,0.44724429002676686
3,11,0.5882587677093538
3,68,0.40061647788299537
3,365,0.410631470575896
4,23,0.4978813502119438
4,107,0.7333368296521163
4,35,0.6524721391642638
4,305,0.4525299647370956
4,335,0.7435362851817995
4,103,0.7425183881594871
4,298,0.7253580912651976
4,399,0.38739936115639845
4,50,0.505236241515322
4,248,0.7026050220910962
4,283,0.9526714736707608
4,88,0.7644011166357096
4,96,0.5709704753039294
4,491,0.9461573796737617
4,52,0.34683005363054137
4,459,0.5101583482637106
5,408,0.6576425969350167
5,203,0.7471957167166313
5,393,0.6266124491481707
5,370,0.82007025800094
5,38,0.614664125815972
5,464,0.830378529169947
6,278,0.8796574501846004
6,10,1.0
6,490,0.7358085468838422
6,444,0.8383947288414101
6,393,0.5748218505235976
6,8,0.650227156898675
6,154,0.5008735339315515
6,39,0.7167825461393229
6,96,0.7681633354568594
6,286,0.668052011297854
6,483,0.6396101736196736
6,7,0.584429820747045
6,145,0.6918349604563645
6,327,0.34918918177386515
6,353,0.7142240234830494
6,118,1.0
7,322,0.6994463949377318
7,70,0.6663499380292597
7,138,0.7302889758770224
7,49,0.15131369948276768
7,210,0.6283953976302785
7,61,0.5910621772627559
7,59,0.6778130701637612
7,125,0.6386374419197947
7,410,0.6774618532255627
7,254,0.7258148339742827
7,432,0.5500493259033683
7,487,0.48194728794887
8,257,0.5779596625076167
8,408,0.5999225075046577
8,383,0.8293372673681242
8,456,0.6932421154709274
8,420,0.7546925857582278
8,290,0.5790596688971736
8,404,0.5284121855270847
8,88,0.7595510824010718
8,107,0.7046943532243176
8,393,0.6729143107988022
8,286,0.4613648368782625
8,228,0.6595578335046454
8,418,0.39730023864176944
8,127,0.6637507663939426
8,372,0.6061334554688389
8,120,0.7410147611757686
8,445,0.42233357499210167
8,196,0.8446861261722962
9,352,0.5898797813828515
9,209,0.8221020356259023
9,242,0.6361713236772966
9,434,0.7094432146581648
9,19,0.7056896270133448
9,366,0.7089799802253154
9,361,0.8280096241140218
9,172,0.5187020507746843
9,119,0.3111680749296786
9,394,0.6295157308543734
10,117,0.7078812582914911
10,236,0.2570361119180843
10,274,0.5199011638242219
10,77,0.34312758028611573
10,57,0.4524566373036624
10,239,0.6668838681810785
10,111,0.7608416816045637
10,394,0.5850769494129439
10,70,0.4865353155201946
10,36,0.7470615084473771
10,155,0.5847928361223751
10,289,0.43318701434289086
10,18,0.7147911945549088
11,286,0.5711178118305585
11,278,0.30730566280994487
11,203,0.41346530823657324
11,171,0.5998708679870646
11,24,0.7344021054945207
11,311,0.7017786057860531
11,292,0.7922689826265767
11,157,0.5744096341710935
12,469,0.8918623170918645
12,402,0.5951204810395169
12,411,0.723958145589428
12,45,0.6067288915275283
12,158,0.9363878095845529
12,368,0.5209406634015756
12,136,0.3669580776381284
12,40,0.7821251963450532
12,68,0.6737885920233457
13,308,0.18671066045240178
13,112,0.7492088086073218
13,425,0.6670886620641082
13,350,0.44754072186379756
13,201,0.8873550025440141
13,58,0.879241483685329
13,141,0.5995980755870272
13,412,0.5728905273044864
14,192,0.38189510371927154
14,353,0.922660042844111
14,303,0.7591205803141665
14,365,0.34936988693864707
14,123,0.4186598469823933
14,301,0.5130185363851786
14,89,0.6983536449604958
14,376,0.6543524601384562
14,477,0.6049909186359068
14,395,0.6960334780241919
14,165,0.807258538208453
14,129,0.32561784655879433
15,326,0.7905256426409161
15,400,0.5508082353735079
15,210,0.5518845951955813
15,497,0.7099818462241043
15,107,0.5828097938622361
15,176,0.7472765130722324
15,434,0.7633245485096565
15,193,0.5864229939670585
15,181,0.3384930480350299
15,226,0.5382860558258967
15,122,0.5356097870462256
15,81,0.6279063862470975
15,41,0.9722400033067213
16,55,0.5800858668418194
16,37,0.641832056507682
16,330,0.7010370890920619
16,458,0.7924514538053168
16,434,0.7231215828687593
16,418,0.7810543557190506
16,351,0.7595737680153807
17,236,0.5219251231271624
17,142,0.3931740569676201
17,58,0.2999982750974486
17,378,0.8177367364989905
17,399,0.5801116426588054
17,364,0.5215765635791436
17,208,0.45026978193606393
17,290,0.5968955909901354
17,343,0.8359393071230434
18,411,0.8513071301363461
18,291,0.7014603797817285
18,102,0.4507029155004268
18,490,0.6937617169044481
18,22,0.7353003900513938
18,389,0.789906441334952
18,59,0.5012991203705557
18,188,0.8439273520470166
18,482,0.6736763501948606
18,458,0.7979856982292125
19,357,0.5481556943851938
19,191,0.43106281535606306
19,96,0.8743063070314889
19,275,0.6801564781735739
19,465,0.637037324725469
19,162,0.7914710376454261
19,245,0.3905355588910084
19,400,0.7031868723111008
19,296,0.826069584082827
19,324,0.5745078295312266
19,477,0.6172901215380878
19,218,0.7849953381609882
19,373,0.7707211197846059
20,54,0.365106617896899
20,130,0.4375754373936893
20,416,0.6112328923623482
20,273,0.4541858798126991
20,77,1.0
20,499,0.5775031591460227
20,108,0.40659588829575677
20,292,0.708397247516463
20,348,0.5669744227486062
20,492,0.5025784909276576
20,334,0.7489842900365488
21,249,0.7825210133337102
21,371,0.43423674963061776
21,26,0.6260973676485878
21,328,0.5712870334458834
21,229,0.8018198080753496
21,439,0.5304094353953777
21,487,0.7277733803666633
21,258,0.6174958878925855
22,76,0.8710545437988497
22,179,0.9001575004337192
22,234,0.5293527838386967
22,135,0.5052402803539366
22,119,0.304134499915109
22,231,0.6746883027672694
22,488,0.9013500029348276
22,61,0.6035297157023666
22,51,0.6075245089826274
22,457,0.35990852434613196
22,470,0.6726122100653236
22,418,0.49491216806865707
22,370,0.728698185211673
22,187,0.7606640381665593
22,260,0.7061450900016135
23,212,0.6085198099042217
23,324,0.6230562063057484
23,93,0.5053344218361685
23,113,0.6845024809714519
23,29,0.5318580306728701
24,236,0.4340992873751853
24,440,0.8304894982332296
24,332,0.9215169472716054
24,238,0.6830899898395714
24,148,0.7660829233329124
24,185,0.570310122807427
24,463,0.7668061879775945
24,65,0.5918460652755374
24,209,0.676880463715943
24,319,0.4477092397699962
25,26,0.6309452386573975
25,48,0.6953563760239522
25,478,0.8027242997965258
25,193,0.9941420295855417
25,456,0.4275337107054772
25,365,0.6258443995863195
26,351,0.6373604362070624
26,399,0.570884193965191
26,308,0.8709224698436491
27,476,0.7250992227377441
27,428,0.7599553447150188
27,479,0.6934415033199826
27,377,0.4034713121387128
27,143,0.2829361422600975
27,31,0.5901098095315126
27,220,0.7575930665743811
28,383,0.9069625591007363
28,122,0.8728106339933626
28,371,0.5186176528590651
28,169,0.5884225430288365
28,68,0.34599365607329613
28,192,0.9078707253812034
28,349,0.41415636098665604
28,444,0.8016553173785713
28,459,0.5849233674224299
28,372,0.46160896801893975
28,204,0.5171164395270261
29,114,0.7673258636821114
29,60,0.40616712589048165
29,95,0.3936099418302807
29,433,0.8312869313885067
29,34,0.3791087780522513
29,406,0.5712580256414999
29,216,0.4044445815361323
29,276,0.8330552231415791
29,494,0.8284387331402779
30,482,0.5472309290635609
30,91,0.6725849855175994
30,121,0.8275818820757244
30,106,0.727430556621375
30,168,0.6580626688417697
30,31,0.6337875546756383
30,474,0.5815010518359272
30,134,0.5236376087997063
30,151,1.0
30,297,0.8740524005144351
30,119,0.7530235385983386
31,262,0.8743105566461292
31,470,0.5769918682847168
31,150,0.5300759483474003
31,65,1.0
31,386,0.974248487763664
31,71,0.5779964044754213
31,34,0.7166980802761579
31,205,0.715570680232714
31,135,0.5190042548736001
32,349,0.6534904747909835
32,470,0.866186587642287
32,104,0.723787457899901
32,146,0.7653214280923777
32,390,0.7808535002775683
32,126,0.6989629358190149
32,197,0.8051238220720002
32,364,0.8614895819176658
32,35,0.7122578823747695
33,291,0.7012574662382404
33,156,0.8428635773287758
33,398,0.3726333334381216
34,51,0.7699719511918128
34,402,0.6478772720417045
34,266,0.5122114903153459
34,63,0.6763421872724354
34,108,0.689998312421613
34,170,0.6782690474649545
34,182,0.4719974183193389
35,146,0.8709071794305179
35,39,0.7005586440131593
35,334,0.4613733922459791
35,65,0.752992889333639
35,198,0.7553068224511033
35,324,0.957344550617214
35,72,0.5561750786654454
35,161,0.7471185053474007
35,206,0.7299512502396612
35,174,0.7658475810111035
35,367,0.8126250206468688
35,448,0.8538902903622624
35,314,0.8919335950283612
36,152,0.7278247148796277
36,264,0.5943121478749673
36,329,0.4976480020953623
36,237,0.6895452607312081
36,391,0.8426153144093175
36,489,0.8015656224479805
36,54,0.7821125519620621
36,396,0.7139203752896244
36,246,0.7259076201321044
36,313,0.45325115639090535
36,303,0.6770862866356373
37,348,0.6562339200997589
37,251,0.6851866174807333
37,237,0.6429066490757628
37,421,0.46249040832249
37,372,0.9886626493899796
37,433,0.8429907184848564
37,409,0.5613769767865882
37,398,0.7769131221216004
37,49,0.6952208297736492
37,277,0.5168252042753135
37,139,0.6004689555892376
38,384,0.43279785327568426
38,65,0.7095953924002025
38,315,0.7559576498098326
38,51,0.570344475857245
38,375,0.6647634632060462
38,269,0.5979447699962783
38,49,0.4766967809352473
38,187,0.4234066757486725
38,416,0.5365397472932047
38,414,0.6703460899201394
38,493,0.6329184707543661
39,350,0.5345842390935721
39,60,0.6090570172097751
39,293,0.28587564542227256
39,286,0.6224397335631738
39,464,0.550059082879803
39,414,0.740640875313828
39,483,0.8750517414320094
39,306,0.6909794290840686
39,447,0.7450223465596165
39,446,0.5835233815363893
39,70,0.6223605806296181
39,96,0.8326023261346027
40,381,0.6746512025487138
40,116,0.4855385096927073
40,115,0.6330429190429077
40,415,0.659038741182608
40,59,0.6421791838272142
41,355,0.8423556272300812
41,268,0.8175425730372117
41,280,0.6060534247020755
41,348,0.4396314471746037
41,110,0.6807562930936606
41,378,0.6675765005213461
41,68,0.49962289256502873
41,346,0.6257169113780032
41,302,1.0
41,488,0.8038877313490047
42,152,0.6230883081793496
42,261,0.5874999168821804
42,306,0.28055195439950353
42,488,0.5328785975137098
42,74,0.9553089548312445
42,339,0.8689142664272669
42,324,0.6061272074231085
42,143,0.9438494142364389
43,70,0.9827411142229849
43,413,0.4380480349289806
43,168,0.8405385935953273
43,106,0.6721627096476107
43,356,0.9616024186759351
43,467,0.7660103149464726
43,176,0.6124755047872666
44,96,0.8125648543873635
44,327,0.6805006773779863
44,89,0.5623165545890016
44,494,0.8168608091701351
44,461,0.7326578428257778
44,300,0.6806486864424448
44,309,0.7725433349158732
44,176,0.5324920795984923
44,475,0.7150944268734197
44,136,0.9385876227901062
44,61,0.5219355328197574
45,333,0.6038931972345305
45,471,0.49894326511829046
45,84,0.7406635244734148
45,458,0.7602050817022653
45,140,0.3687107631205204
45,169,0.6824775236362006
45,299,0.2430360612513271
45,166,0.5853001768353043
45,178,0.5443840600647483
45,345,0.7465724878120068
46,388,0.5372211072879057
46,335,0.5941412741400742
46,465,0.6549460509405022
46,247,0.6379313664252453
46,164,0.7351181895281603
46,189,0.6323899919292562
46,421,0.629625502775221
46,429,0.5575085761291014
46,399,0.7043244514159765
46,177,0.6962895891154155
47,288,0.9091567129238063
47,156,0.5941226658201726
47,477,0.8197827864333015
47,405,0.7640590035222503
47,396,0.5628110753087316
47,409,0.6887923696657399
47,452,0.3915153575128605
47,110,0.9199788607368616
47,480,0.21381657640884122
47,267,0.5475995787422523
47,154,0.5201430823537715
47,205,0.7771533901437894
47,234,0.6514091507431965
48,255,0.7698525208508106
48,491,0.8711211690617318
48,435,0.5349258647660164
48,292,0.38079871410323074
48,190,0.47423508510084034
48,398,0.6418227154559346
48,279,0.595825451097515
48,181,0.9606405831278655
48,92,0.6937549363242803
49,384,0.8136844166585399
49,206,0.5462457437965385
49,125,0.7583428659443758
49,71,0.4905649645821116
49,308,0.504933759860837
49,93,0.626928684268614
49,52,0.7187947083573913
50,384,0.7556463896236796
50,58,0.709311769133223
50,490,0.8440533294939299
50,81,0.40197099718186535
50,413,0.5617613302081372
50,124,0.8357595589469314
50,416,0.758352818098434
50,385,0.63654597468498
51,320,0.6856982846838349
51,315,0.7508872462331251
51,154,0.7743237537133232
51,426,0.4467037798010784
51,220,0.6274784069045373
51,195,0.5593437786533132
51,427,0.49637138324226776
52,198,0.6422817563668797
52,241,0.4524967553876068
52,146,0.6270637532095245
52,477,0.6827281339573853
52,293,0.6881847388164647
52,494,0.6947783986411997
52,256,0.8447016830571632
52,447,0.4444307759537172
52,144,0.6196583634634101
53,371,0.34757318700479284
53,440,0.8908859903292796
53,239,0.6427305489112082
53,213,0.5346226341772806
53,188,0.6972801282815219
53,330,0.4008454781501082
54,453,0.836754107789325
54,190,0.6486277802178124
54,232,0.6270976563762785
54,100,0.6797211848550276
54,226,0.8041429555694108
55,321,0.8735793570232723
55,130,0.5477544315187315
56,165,0.8872239567110145
56,281,0.5668125807921784
56,186,0.7252065401839765
56,282,0.6158363957811105
56,444,0.5822126499877457
56,143,0.5758587587478765
56,171,0.6017018483501373
56,367,0.6791432820771056
56,167,0.8720695873520907
56,388,0.3988671039990675
56,358,0.2432456052436903
56,136,0.6194590481114126
56,458,0.5836200456732052
57,460,0.7117356226281655
57,491,0.5333071587079694
57,102,0.9540153923366047
57,464,0.7098847073834798
57,496,0.5942603231274424
57,347,0.805305430385714
57,318,0.4664558535115081
57,437,0.611897238031647
57,169,0.9037522661219459
57,120,0.5748366346405256
57,372,0.5352469398898918
57,91,0.5632054874051056
58,320,0.8688897434879164
58,475,0.7801273003618088
58,93,0.6031984134642493
58,124,0.5275054665572458
58,258,0.4877567145028908
58,341,0.3454178063780375
58,63,0.795550498160007
58,174,0.8351267773618463
58,400,0.701028670499049
58,205,0.844069521715118
58,120,0.6273998708913497
58,401,0.7931176638788147
58,498,0.9442689435830995
58,237,0.5809724811048977
58,380,0.7426575566401208
59,319,0.46934067125664003
59,274,0.285129754267031
59,275,0.6665512881294888
59,113,0.7682819841786865
59,169,0.8028691056162484
59,442,0.5147134573235937
59,283,0.5891954306429126
59,285,0.5957091331868979
59,121,0.4804071664998222
59,494,0.4810798879012554
60,258,0.5151728177768312
60,205,0.5882890715272932
60,285,0.4110834267822679
60,87,0.7258340703777101
60,463,0.5068038580689819
60,328,0.7168096947423164
60,333,0.6227981164245086
60,103,0.53829966393678
60,201,0.6747158795066097
60,119,0.544160523170017
61,394,0.5339914924388213
61,252,0.3597025886342685
61,342,0.8049169951907583
61,220,0.8484437933889454
61,339,0.6238779948585158
61,301,0.5124874115364405
62,188,0.6947524654627109
62,373,0.5666434662411847
62,320,0.7583426184577782
62,347,0.6150279917731908
62,440,0.4767795768403005
62,121,0.7924050745498643
62,136,0.5619113448878423
62,284,0.7224609449029569
62,420,0.6638978120477254
62,230,0.6128044995753905
63,201,0.4211582407823746
63,142,0.8606324140240025
63,110,0.5885646195130203
63,303,0.5744187081499711
63,460,0.4629933275190134
63,306,0.6523741986589356
63,411,0.9641943462262345
63,461,0.5321649720188342
63,191,0.7887803577137386
63,113,0.5780636853197559
63,318,0.6936401211302604
63,134,0.6658110104326012
64,391,0.48406037114062234
64,312,0.6399795471731793
64,396,0.3583125446492981
64,104,0.3456483680295851
64,439,0.3783387893055974
64,270,0.7409953491391067
64,377,0.7396009098444796
64,138,0.7473774623136296
65,340,0.3731874685386176
65,499,0.6533621431563543
65,319,0.9584907845231442
65,163,0.40852890000139513
65,318,0.7299093575898196
65,140,0.7428924126252666
65,211,0.5905351883405688
65,303,0.8373600924025368
65,296,0.874757591991269
65,469,0.8472956765039505
65,306,0.8146428392034815
65,119,0.5899277218478298
66,382,0.7653795776678474
66,234,0.7323204752190688
66,151,0.5929993344041228
66,245,0.6273033070517716
66,488,0.9169319854766287
66,208,0.6133578873616174
66,137,0.5206933494500522
66,487,0.28868076496719247
67,315,0.45381025896627986
67,124,0.43918149951593743
67,230,0.5988067112760904
67,88,0.6693192944791544
67,355,0.5518290651117793
67,203,0.4973292919759795
67,435,0.7065783735274264
67,314,0.49553306640949135
68,315,0.5185678453611433
68,270,0.857811365941615
68,292,0.6054386736013201
68,117,0.568258288785872
68,412,0.5316772735416122
68,218,0.5925040085220152
68,250,0.36622219648548454
68,257,0.6177764026527831
68,110,0.6904489717958497
68,310,0.8762061521661839
69,355,0.3655704477500037
69,165,0.43469175617735323
69,206,0.5430061448323964
69,301,0.661742704929509
69,340,0.7319110845519357
70,330,0.5350635399560698
70,319,0.855977548987971
70,203,0.44138660859184575
70,106,0.5314819032255556
71,170,0.9084695991577303
71,253,0.752955264176467
71,367,0.44895188767658617
72,234,0.5601571012281917
72,437,0.802748961305378
72,365,0.8152053442536205
72,408,0.7181616524905989
72,393,0.8075754592224634
72,221,0.7799030871008807
72,354,0.4692725525442131
72,356,0.9326316542029168
72,99,0.5720134797581686
73,291,0.9422869560155295
73,144,0.599049798421577
73,134,0.7898177724889351
73,443,0.8160671274097573
73,250,0.5950543047510746
73,328,0.4038900195322743
73,172,0.5195544929712317
73,180,0.6504193999969036
74,410,0.6405301235010779
74,365,0.745816822388488
74,275,0.17732684338529933
74,476,0.5527125682439628
75,172,0.582510154887614
75,472,0.5080686601185529
75,131,0.45640595966477804
75,237,0.5324121965570332
75,220,0.4098634382409653
75,376,0.6995174765341606
75,240,0.8705550746504707
76,247,0.7335631915869903
76,403,0.6237549433817905
76,221,0.6109604126557434
76,176,0.6910801676139023
76,406,0.5521916381297503
76,188,0.735526781270016
76,211,0.7197591347082418
76,278,0.5966629792494584
76,182,0.5807886904125577
76,165,0.7918220300078922
77,376,0.3975078441210588
77,105,0.5413859160814489
77,494,0.8227637864770869
77,435,0.8118386414627621
77,308,0.6375025529686019
77,355,0.5834112710599549
77,458,0.4642523939962378
77,383,0.5634913938914481
77,223,0.7013862944262477
77,272,0.5111101383544807
78,314,0.6654834360960418
78,273,0.6801525437928342
78,380,0.720991045207624
78,230,0.730461492195504
78,288,0.41950851434659603
78,499,0.33044355385741486
78,257,0.7491209824708099
79,428,0.7581247965257983
79,435,0.9671561086880288
79,373,0.7142728596765967
79,359,0.43582900469303554
79,226,0.5813935694686457
79,454,0.9545476669379716
79,247,0.40858908109812053
80,468,0.7650715640516754
80,290,1.0
80,328,0.3261153350577606
80,219,0.6447750450011958
80,149,0.7746147160788894
80,251,0.5269629841994026
80,479,0.5551225682182312
81,256,0.9061012898264993
81,100,0.6733239234815618
81,306,0.8329354287648716
81,99,0.456358779733623
81,223,0.7969741302080464
81,433,0.74553687711303
81,404,0.81179301706674
81,331,0.6313410334404829
81,409,0.5532383424514804
81,405,0.6786999330404839
81,474,0.9480609267293314
81,496,0.7269457543825665
81,431,0.868372130963216
81,161,0.6335973689749584
82,417,0.5037819639057228
82,91,0.8500357390235974
82,135,0.5011356149384569
82,193,0.509145464187681
82,316,0.7783716221611939
82,394,0.4288693598009353
83,179,0.5006214332627217
83,441,0.5830122927273326
83,133,0.6495529770298637
83,101,0.4848536962110094
83,343,0.49367264126137833
83,453,0.5870903371600157
84,452,0.6059667008794546
84,244,0.5080166673678872
84,179,0.42074759123836614
84,418,0.8657039398150614
84,291,0.6121875443395317
84,456,0.8313517132291715
84,451,0.6244444823624589
84,100,0.5168890709042331
84,496,0.30491286933205136
85,422,0.8947390083632081
85,447,0.5503918603274593
85,168,0.43099105129919235
85,323,0.7679262032893729
85,374,0.9657012229664287
85,255,0.7693651299058787
85,132,0.5399686607483932
85,264,0.46633615318665433
85,360,0.5862092997980343
85,274,0.7164463302197387
85,145,0.6626279974355972
85,468,0.5314919166836112
85,355,0.6619929060139288
85,247,0.6088476292703846
85,304,0.4929607516996296
86,454,0.6497019884986661
86,140,0.7159548968424928
86,275,0.5738612274502128
86,475,0.6828359016570422
86,345,0.5566032434159219
87,174,0.6403373039315715
87,189,0.8289133897804576
87,119,0.32259503467398537
87,426,0.6677391113326048
87,152,0.8923496450031617
87,352,0.9591105266087526
87,143,0.6586119429554903
87,122,0.636550159063289
88,297,0.6257029334219535
88,332,0.6265682052345971
88,349,0.8261503786583438
88,401,0.40492305147959384
88,232,0.7556304050175358
89,386,0.7865203484883896
89,388,0.8129452510693457
89,236,0.6612322554600674
89,413,0.5545220640611916
89,98,0.7238522749401729
89,443,0.4118145764163903
89,216,0.9008605711123852
89,257,0.7329889963735455
89,302,0.7240774056861904
90,270,0.5119793388916992
90,223,0.7766986950803523
90,116,0.8077488468886587
90,255,0.9006373523573112
90,172,0.61592907453244
90,455,0.5463117641794382
90,439,0.7236393657625072
90,412,0.75430909689346
90,100,0.5980957156379789
90,192,0.4657652740193132
90,131,0.5231011005772055
90,191,0.6653393356203717
90,120,0.5580560712645162
90,351,0.5749254027383366
90,178,0.5276716345042982
90,409,0.7194285177360207
91,488,0.3160521066087238
91,390,0.3836766090368253
91,113,0.33438104382834427
91,206,0.5321362399249029
91,229,0.5348045245562629
91,155,0.81650618082551
91,134,0.9059434245976995
92,168,0.748199038431188
92,441,0.7231272833518723
92,280,0.5129404824956941
92,302,0.6532005480641718
93,224,0.7067018361590662
93,407,0.6063575574966277
93,296,0.6352326685296643
93,481,0.49944533420285925
93,162,0.6630044711822473
93,336,0.7481768008892502
94,160,0.387514690285221
94,295,0.7347917211435017
94,293,0.3880267820845664
94,468,0.6779518465449179
94,208,0.6742314926102799
94,390,0.4704619515637056
94,234,0.6395747586983906
94,404,0.7334259625954584
94,336,0.7562595555774649
94,403,0.6758589582888435
94,270,0.58924068422827
94,291,0.7272819878252017
95,218,0.743361789213532
95,113,0.5218398309974864
95,354,0.6878296114329691
95,170,0.45978989784003915
95,327,0.7598929695475174
95,488,0.8749335726592817
95,273,0.6632508903927776
96,127,0.7479631745384384
96,335,0.9229603057455612
96,479,0.4943663155566651
96,310,0.6572578296167092
97,245,0.48174796397363806
97,210,0.5545440534644411
97,410,0.7361967643462902
97,107,0.4750279388502825
97,151,0.7448760431663463
97,287,0.9606598318365447
97,411,0.8801435995856853
97,380,0.897866506110097
97,300,0.4761877174187749
97,168,0.7371863389238001
97,202,0.5552770576408788
97,389,0.7204156074605631
97,290,0.5182088186878757
98,129,0.5587248515418539
98,474,0.8630484671595522
98,388,0.7900363502486575
98,376,0.7141784977536125
98,212,1.0
98,112,0.6277008836683394
98,227,0.552599218507552
98,458,0.548314915141797
98,280,0.4388664226700603
98,246,0.5041970342389368
99,318,0.5227524406335928
99,117,0.8106730709464707
99,368,0.19116164515941267
99,348,0.5256978022101761
99,479,0.8940657454331217
99,330,0.6771658423275161
99,288,0.4040776792391241
99,373,0.7352258845478631
99,277,0.4180017936788669
100,182,0.665299213365246
100,229,0.811245432533975
100,373,0.6725748323505858
100,491,0.6500502970109502
101,453,0.8148585728253698
101,468,0.6924709145263186
101,128,0.7940353200519927
101,255,0.46973024600464086
101,121,0.48463958958212344
101,379,0.6811947823707817
102,463,1.0
102,214,0.6000873476439903
102,298,0.5701029369010566
102,130,0.5278350180598249
102,357,0.9127305138714037
102,241,0.662765094979062
102,322,0.5351401492395592
102,467,0.3776562506082656
103,266,0.6493581610143195
103,171,0.6731021273391958
103,318,0.6605532731972521
103,136,0.5747016643651506
103,192,0.6547297236630153
103,350,0.6959961434757855
103,381,0.5408167960510764
103,224,0.43068951349967594
103,127,0.6566967122451289
103,154,0.6176093554912554
103,155,0.5982530729003979
104,128,0.70707842591975
104,433,0.43981530524649626
104,330,0.3203774683451852
104,260,0.5937177415025736
104,164,0.5722429670319765
104,169,0.8709688997427357
104,251,1.0
104,227,0.41044085216220705
104,385,0.7942795273600832
105,268,0.739857089887347
105,397,0.4737035253593882
105,131,0.45645530524272504
105,459,0.6940633819954556
105,155,0.3447755458525756
105,159,0.53028358495502
106,231,0.5126578821756536
106,400,0.5165451588501443
106,294,0.7279420934383563
106,438,0.5668733474844184
107,429,0.9885114397739956
107,485,0.6301382942460457
107,395,0.8138983935516595
107,490,0.7127763969776868
107,149,0.8742919855150585
107,164,0.6740735378030779
107,396,0.9443924314031346
107,130,0.5996948115522004
107,342,0.34657433408451765
108,128,0.3053718546390861
108,140,1.0
108,371,0.6256273928091434
108,425,0.5718817513215911
108,157,0.42869700534794486
108,477,0.7306229477521672
108,266,0.46409900430262296
109,396,0.5344968901832234
109,247,0.6024152347878428
109,483,0.5484878831044271
109,450,0.5854201534194451
110,150,0.7862494234580307
110,144,0.5432066203875356
110,358,0.7001521521459823
110,489,0.7229660366237204
110,154,0.6417242563344377
110,438,0.7968207382421639
111,140,0.5108624074865364
111,416,0.5697801349406951
111,183,0.8207462097743122
111,499,0.7632603870993409
111,315,0.6352588662344699
111,439,0.7185373835840339
112,478,0.6956203234337357
112,471,0.5415370014141823
112,226,0.9847263755620358
112,290,0.729270585233532
112,477,0.694831539980995
112,463,0.6139834561712693
112,293,0.6132086465788038
112,414,0.2845550182739526
112,431,0.5287737595066601
113,459,0.7267221714822751
113,179,0.5322893247408729
113,351,0.7828350363123135
113,230,0.6217572654803797
113,158,0.8722150799670527
113,195,0.6001214361717359
113,385,0.7309603206211024
113,188,0.5347972317577897
113,310,0.5940543156905727
113,458,0.7771258411300075
113,378,0.6989310946521988
114,234,0.8260149724995788
114,381,0.8627924808132286
114,236,0.6164849262826501
114,206,0.5059493669847223
114,336,0.5000337095744019
114,491,0.9582015340805083
114,229,0.453169448142171
114,430,0.44185173194971544
114,415,0.6125045406384272
115,192,0.6483884516129602
115,321,0.520946219420406
115,205,0.5793280419717552
115,172,0.24971977165753415
115,145,0.5398675419862177
115,241,0.6024773874242307
115,333,0.8663616527655689
115,393,0.5368922150652791
115,293,0.25507398642558976
116,145,0.6849926967396619
116,446,0.48541182957781015
116,432,0.5818551603822091
116,171,0.3946614632565286
116,318,0.7249921736639775
116,397,0.8893329181000217
116,417,0.8300420779333224
116,179,0.6802864422131445
116,344,0.5385747625097815
116,190,0.6881688470625276
116,389,0.6711951177809541
116,248,0.523193780277995
116,193,0.4739582452057457
116,202,0.8326607907060484
116,440,0.774223940666337
117,276,0.5039208139962105
117,252,0.5305499845801708
117,265,0.4689134767779244
117,187,0.5200416204575811
117,350,0.7162875024203925
117,346,0.7156610926730483
117,209,0.8231601973508342
118,376,0.7671442268666144
118,351,0.6772444402451521
118,119,0.6639690495862781
118,299,0.610335654397195
118,365,0.7491752374390241
118,439,0.9182413881261765
118,183,0.6363481708917965
118,223,0.6287119114616605
118,165,0.7138965396370923
119,357,0.1928599721943616
119,148,0.6675267356477609
120,496,0.8541196111968901
120,327,0.6876240630503094
121,401,0.39979948737080867
121,482,0.6299215467900549
121,400,0.8585736640659807
121,231,0.7172381982828706
121,321,0.3775674510325746
121,362,0.6340371818311274
121,349,0.8861269052134082
121,145,0.25437780605325133
122,165,0.6784188158489113
122,147,0.7439257089508609
122,217,0.46499635376982
122,317,0.47504549612077135
122,441,0.6626538301459679
123,227,0.6468216514976809
123,253,0.7717895965651147
123,167,0.9282360026365638
123,162,0.7354135555733297
123,338,0.7879775750867604
123,415,0.798385487012123
124,130,0.6086025859569515
124,290,0.7954130481567675
124,276,0.799237674203145
124,318,0.9086815909783789
124,261,0.8808724089214051
124,487,0.7302235512480653
124,463,0.36791058768286206
124,418,0.7951814957186351
124,486,0.6394990788878304
124,325,0.5411745755449345
124,224,0.8624476469236171
124,216,0.5697609368701322
124,270,0.884725000710275
125,337,0.7319752033229814
125,490,0.41421745291029977
125,470,0.8714425382483659
125,130,0.48810758433604395
125,256,0.6205114976650437
125,172,0.6650056087858581
125,272,0.6101481691313986
125,203,0.8220144612338859
125,363,0.6623458522323917
125,153,0.4100465151292608
125,352,0.5241481255295012
125,168,0.8255690413652625
125,243,0.5404166690126682
126,310,0.5950436090539686
126,160,0.461475727271347
126,230,0.5802547351625379
126,415,0.9104059556923937
127,434,0.3898628469572004
127,285,0.5404420419590339
127,384,0.39624404937573293
127,237,0.6918301066941265
127,400,0.7884715181908086
127,488,0.7539432961706239
127,390,0.5785680102038402
127,319,0.5587927969347181
127,359,0.2891524184735432
127,175,0.6647928709633157
128,135,0.46319431797794075
128,498,0.46675326317710514
128,378,0.4982321373958001
128,310,0.8379064827302051
128,317,0.6755362833471615
129,404,0.8443196128940715
129,278,0.5695258234423618
129,400,0.7445079791563751
129,371,0.6457609786582909
129,376,0.9744462480145513
129,477,0.7313498183389368
129,291,0.6020537596724747
129,293,0.8853243213994819
130,198,0.8934710866440687
130,140,0.6305035218663987
130,475,0.40217332528442973
130,451,0.22862881763806955
130,204,0.746327892332792
130,323,0.7713739811518747
130,333,0.835824624377479
130,324,0.5980459134982844
131,385,0.6384267220409128
131,305,0.7722129857795166
131,475,0.34797717181121735
131,490,0.6934119830217398
131,235,0.5154196055832866
131,489,0.8446256582417105
131,395,0.6103014724616768
131,429,0.607995587509294
131,262,0.549360165014224
131,148,0.3744443814512499
131,137,0.6147435171412146
132,333,0.7746629154346766
132,454,0.6206167563938227
133,140,0.6540288698353163
133,281,0.5867820755671701
134,320,0.8064689573048707
134,188,0.409215633295169
134,417,0.49164467766152864
134,374,0.5421981555645258
134,438,0.6890951786990511
134,310,0.5739896794307846
134,489,0.6067877167526038
135,294,0.7732068943240573
135,484,0.39079610674376397
135,395,0.8205224474984915
135,332,0.5816189164016858
135,379,0.8257444038322562
135,429,0.49798227502176884
135,238,0.693068006165886
135,348,0.5675308250493866
136,232,0.678416282716681
136,443,0.9116218937142814
136,487,0.574658240366606
136,277,0.6274742395147054
136,338,0.651227477409357
136,352,0.4077597963394753
136,316,0.672277350327775
136,234,0.3605077170975671
136,187,0.8220127712534079
136,212,0.898977307109091
137,313,0.3424052864390492
137,499,0.5446816117634194
137,186,0.6660733551743846
137,492,0.8019803620925636
137,263,0.7680699973729099
137,291,0.555227535467616
138,203,0.6503310121699765
138,279,0.5193155990594205
138,252,0.4201516810239438
138,399,0.7013411480372219
138,454,0.5160124541744311
138,437,0.5956471848785989
138,209,0.2802539951889777
138,364,0.651774257316337
138,375,0.7980898781623386
138,430,0.6552425558065148
139,270,0.6846576686043852
139,391,0.5734454737378503
139,341,0.4437635164681186
139,243,0.5669688586627825
139,334,0.43380966864086234
139,340,0.5366965095261104
139,376,0.6507618774504611
139,224,0.5650034684061148
139,388,0.576000240105215
139,193,0.30312217480645126
139,351,0.8808201767936141
139,273,0.6867366356007252
139,209,0.6922036703481926
139,442,0.48378507124466813
140,416,0.5313421723399033
140,248,0.3769711426685722
140,421,0.7143235504959393
141,309,0.8420186212414416
141,442,0.6581512385609191
141,301,0.5316133543344481
142,154,0.8961684076989666
142,407,0.6719009565463705
142,352,0.8066197333751475
142,184,0.6745091592823579
142,224,0.2660235808407761
142,389,0.7753640345306095
143,327,0.5919932918605483
143,223,0.48740306896881774
143,428,0.6284908481041426
143,350,0.6002565130355377
143,194,0.5724469071538146
144,250,0.6073768916970476
144,284,0.3776084273506482
145,214,0.5109636047254548
145,168,0.912343030213681
145,391,0.7703145147007117
145,170,0.5918864323352286
145,239,0.5081620566917254
145,362,0.673850050251485
145,404,0.6949942871916286
145,422,0.7038146975350719
145,158,0.732411029470715
145,180,0.5982674688414533
146,460,0.49030862751059506
146,355,0.6807325063824343
146,161,0.8027221637751873
146,149,0.6254257927450855
146,436,0.8812993416710073
146,335,0.5548412691169793
146,169,0.45410335916442557
146,227,0.5067497186829544
147,280,0.4870352021931032
147,431,0.4703627913253832
147,461,0.7529864029853421
148,192,0.6238256904436366
148,274,0.6910900319059092
148,461,0.7804348507432051
148,443,0.6260913546872573
148,195,0.7593140152681205
148,309,0.35686101141136073
148,409,0.5513480456510533
148,150,0.4797966072872491
149,461,0.43776963781452605
149,340,0.26128431281461983
149,467,0.3020663075853804
149,384,0.5018878558134173
149,237,0.8255157723043642
149,239,0.9247443961301623
149,191,0.6375336148578205
149,269,0.7207430154088641
149,267,0.910105301908458
150,384,0.5903525736589909
150,345,0.6152829438597803
150,439,0.6023042952709013
150,156,0.8390504986196184
150,362,0.627509977416049
150,214,0.7136693301842456
150,380,0.7149391610837837
151,162,0.9389934870216983
151,292,0.8451394681885572
151,206,0.6826988608575397
151,402,0.6768558886432241
152,338,0.85553852855849
152,494,0.7194834656209639
152,348,0.555734825680498
152,425,0.8484645943814338
152,214,0.6585647029494239
152,266,0.7952295398853889
152,496,0.5713064808950484
152,370,0.5719071113800805
153,307,0.6701439424300851
153,440,0.9220212281397769
153,340,0.6740165179479917
153,493,0.7485525824914804
153,222,0.6413780408792055
153,164,0.7035192515227389
153,379,0.4784148487326311
153,479,0.6992554062504767
154,187,0.9434989983328713
154,171,0.7082413230723084
154,387,0.5275209944727639
155,388,0.7401680530266548
155,380,0.3618201187052104
155,220,0.7761537013002738
155,410,0.6169249090425301
155,286,0.6826604349443584
156,399,0.7282541813394948
156,480,0.8308883801707132
156,214,0.5951357273015151
157,280,0.4331138497467314
157,438,0.6702184920515657
157,281,0.8303770049674672
157,350,0.4012147129522595
157,187,0.8241259029820588
158,202,0.7314361573948337
158,450,0.6567938595938532
158,289,0.4954569087712326
158,332,0.8042509433422667
159,466,0.5143882726567577
159,338,0.6333943669508311
159,297,0.9122370361870324
159,310,0.7310720174361912
159,258,0.6119114857540057
159,427,0.7677282485428879
159,463,0.5054286349109756
159,309,0.8056112894035773
159,238,0.6377161199819296
159,433,0.5193711137716737
159,451,0.6134061759718804
159,281,0.6110201392114012
160,280,0.7037652124404156
160,448,0.8631236828323405
160,369,0.6482353471762152
160,222,0.6043676304109789
160,486,0.6824251059685248
161,166,0.6055816619505869
161,339,0.7615563007228582
161,370,0.7774311528787481
161,458,0.6499760766845041
161,404,0.5662598091037526
161,338,0.44128771347019036
161,204,0.5419086366063596
161,462,0.6938723270500554
161,252,0.6493934403822231
162,492,0.42350744799285855
162,305,0.6761050861975044
162,468,0.6969638432733841
162,296,0.6760686558935156
163,481,0.6583764815986674
163,297,0.780289085945008
163,209,0.7741073043099641
164,454,0.7516258969790491
164,246,0.7851867416114455
164,182,0.8304478309933657
164,236,0.7946643658277415
164,214,0.39209339244262703
164,317,0.4530103084315437
165,180,0.7214461647101501
165,409,0.8554405020274215
165,183,0.671553506477616
165,432,0.7932419083198415
165,199,0.8673780393303029
165,256,0.8673805418452409
166,231,0.6791067448460846
166,211,0.5076698396738867
166,315,0.509104161114031
166,180,0.6037641801107673
166,376,0.4418310016526138
166,230,0.8394365246272373
167,192,0.7633056304590629
167,184,0.424517416564855
167,382,0.6908836818298627
167,474,0.45289202087714653
167,435,0.5670765141716807
167,249,0.524053073968535
167,406,0.515635256130528
167,329,0.6565469287176576
167,228,0.8032542221276022
167,268,0.42730355228480166
167,335,0.3901652699297364
168,249,0.5951854633947365
168,461,0.943984962759068
168,427,0.3922766771995699
168,281,0.5376834316504021
168,453,0.9396104349696524
168,435,0.43724360021463193
169,496,0.49271233120139557
169,366,0.7624814383792755
169,342,0.6326272206275654
169,284,0.5291970129842214
169,322,0.6748488127005933
169,372,0.5651029239272239
169,307,0.8900045612900889
170,437,0.7489427964392371
170,308,0.6832188193101705
170,432,0.5677969345152811
170,387,0.41488932110214266
170,284,0.6137439091379463
170,411,0.7185199847447068
170,323,0.731066930518165
170,270,0.4338130313863056
170,191,0.3580131022587474
171,327,0.6868300469133906
171,218,0.5648448491607478
171,496,0.6617557433838598
171,210,0.7263657848594222
171,473,0.8462844729119733
171,429,0.7123749694972216
171,408,0.6938438377267193
171,433,0.7748240772133695
171,467,0.42991535867809394
172,286,0.6812301846034959
172,484,0.5513140571241161
172,248,0.6575646712465871
172,322,0.4287603273857916
172,314,0.8663259100574009
173,293,0.7204122529448624
173,429,0.34250288349907554
173,437,0.5776941097258061
173,353,0.7006687192866149
173,180,0.37007204946447475
174,218,0.6081936799590374
174,497,0.41387666420466923
174,480,0.4897899266844295
174,248,0.8709802924799346
174,494,0.6486527441312661
174,261,0.6601293344371365
175,308,0.6432423561646092
175,323,0.7058335447266898
175,200,0.7246809235338242
175,226,0.6806387180408222
175,451,0.5449877299235991
175,183,0.5942972753381106
175,209,0.46045000778681566
175,344,0.5688162816308998
175,182,0.49799991702234286
175,389,0.6703545038105215
175,314,0.5755161444570869
176,332,0.6434046196852429
176,334,0.5606673103126779
176,284,0.5995942051280844
176,439,0.4909374064826646
176,455,0.5102729378506061
177,327,0.7365131288676561
177,470,0.6956632261203383
177,307,0.5389862932663737
177,392,0.5663297506877286
177,288,0.831220145579756
177,230,0.6445003624766694
177,337,0.6006686493464062
178,290,0.6679850774880831
178,325,0.4154838551010878
178,306,0.7834083559733521
178,394,0.7509933028262065
178,335,0.536102053846201
178,192,0.7802222542706515
178,341,0.6426496367003577
178,210,0.36432028990772947
178,269,0.6813082083604554
178,330,0.7832711958899474
179,475,0.6770623424455349
179,248,0.48522646762999816
179,453,0.6255037584439527
179,463,0.8569862154232409
180,475,0.7867726053673845
180,470,0.6373136714759795
180,496,0.6917927284733713
180,267,0.711159650643236
180,393,0.666481119409853
181,480,0.6578130931513673
181,378,0.6516485217783563
181,239,0.7051454148496765
181,335,0.726721205013339
181,224,0.8627933446257572
181,202,0.5317949177472973
181,425,0.4235826206996124
181,360,0.5552329033880556
181,365,0.5861949110230726
182,260,1.0
182,403,0.6987521508631603
182,395,0.5418149260619484
182,441,0.4477153844552959
182,407,0.4732535251981793
183,492,0.759664130631967
183,428,0.7600404031933395
183,188,0.5666568359399302
183,336,0.7617515880524633
183,304,0.5407292219759215
183,259,0.6193461234709994
183,450,0.7793388208925381
184,443,1.0
184,475,0.6129877085768327
184,373,0.5562818553003874
184,396,0.4441503906063288
184,192,0.7142506678659334
185,390,0.7624214638913558
185,336,0.36178210016408685
185,328,0.603661036381017
185,406,0.6265764242792043
185,438,0.8399630902434492
185,252,0.44544694155202086
186,449,0.7417962515937704
186,212,0.3540733829364354
186,295,0.7233707489167844
186,275,0.8712130696255156
186,249,0.6307220569569145
186,391,0.37587642849824865
187,268,0.7710748134453754
187,238,0.5862587533590916
187,495,1.0
187,421,0.6949145404425119
187,320,0.5831439303055652
187,399,0.4241038404946653
187,371,0.779302251748703
187,342,0.4431808583661111
188,344,0.843400525854645
188,238,0.5746841327088653
189,451,0.8975589652579646
189,348,0.7055612117313224
189,331,0.6814810093544853
189,374,0.82684167218653
189,353,0.5973472811426632
189,308,0.5113499301533111
189,276,0.41873912327387475
189,247,0.5532719105204246
189,232,0.6757444918568836
190,248,0.7503363893959941
190,449,0.6199595625265167
190,277,0.6315273319376365
190,296,0.5967682376064235
190,314,0.7891668551590973
190,255,1.0
190,460,0.7995964354606945
190,442,0.7148522698724984
190,206,0.5527306460725379
190,306,0.5546585283587413
190,341,0.7680771722305058
191,457,0.6496336132955967
191,260,0.6669295579573403
191,266,0.42775851564389605
191,288,0.6011346108206151
191,283,0.6219465148536689
191,405,0.7201813563662248
192,355,0.837187963688559
192,218,0.41415466106768783
192,262,0.5590358983436239
192,422,0.6762075433313092
192,214,0.5945954932719864
192,215,0.8130330832527113
193,389,0.9132191302799677
193,414,1.0
193,301,0.5980792783067408
193,282,0.4803727051107854
193,195,0.3341016243040176
193,233,0.7725154548127608
194,450,0.7592558559214737
194,253,0.6048277583725732
194,481,0.8255716382310739
194,402,0.4447321424495293
194,465,0.5830983184468996
194,237,0.7080031181483655
195,287,0.7170598503355754
195,280,0.8260559980276667
195,364,0.5940934548420953
195,403,0.2941084897755956
195,409,0.73392905981196
196,482,0.7990945548305158
196,204,0.5873722432423927
196,367,0.5760532775903154
196,268,0.5807921798670843
196,446,0.6303426751766691
197,461,0.7088551691613068
197,226,0.6949458767200574
197,234,0.39550864466317964
197,309,0.5107909009402589
197,264,0.520108667668291
197,463,0.634190409109952
197,312,0.6143443182916518
197,282,0.6048666961370242
197,216,0.7095957093383461
197,307,0.61045473333402
198,309,0.5825036014786757
198,383,0.6419720299439853
198,352,0.7838516491671251
198,466,0.49787873358985135
198,321,0.6794119741667607
198,495,0.7080182708810829
198,239,0.624087054379468
198,307,0.769497362062335
198,303,0.6185504409263464
199,433,0.5971479805315677
199,497,0.7828002610368784
199,385,0.4916246028144611
199,495,0.9231831587778192
199,319,0.365249636743737
199,456,0.7175651453066445
200,231,0.32185062451776103
200,266,0.5870420842809575
200,468,0.35020161625376683
200,286,0.7834381253319838
200,203,0.6028467812290401
200,378,0.4331998516283764
201,447,0.787904339684359
201,328,0.6522249235489458
201,377,0.634577412175342
201,306,0.5193142960542585
201,364,0.4933634362783847
201,243,0.3987303136768093
201,325,0.3255099068102081
201,449,0.5800235069235078
201,283,0.7736668883642958
201,395,0.6490651247561513
201,289,0.553503970366828
201,219,0.6735949337349167
202,408,0.681557304511427
202,405,0.8483384417262008
202,490,0.7474433866284945
202,206,0.6398289775548871
202,213,0.33364297361730644
202,436,0.6984342814374443
202,259,0.7089190426646172
202,428,0.7332952066658485
202,406,0.4403771123671201
203,259,0.6944298958055297
203,493,0.874318569744331
203,232,0.6693162673337013
203,325,0.4275140189337619
203,376,0.6051224975815184
203,229,0.5364582577210351
204,462,0.6050806617316047
204,366,0.7869186581628741
204,448,0.5042572613578322
204,494,0.6832605314384342
204,457,0.5709794981086932
204,321,0.7065456435420538
204,478,0.5759321419370474
204,409,0.44099708157873097
205,311,0.4704678891391404
205,477,0.7611966738455449
205,357,0.6810121764264767
205,476,0.7951068557343082
205,313,0.5001070573546034
205,385,0.6193089250990119
206,390,0.6954152948074535
206,363,0.7736438060889095
206,266,0.8292622698378723
206,418,0.7153278231283723
206,339,0.6436596961968406
206,395,0.37356460187944046
206,460,0.42921454659773084
206,268,0.7408821972476969
207,278,0.5679726388221078
207,240,0.5350870679547294
207,227,0.4717540657333388
208,335,0.5255813580372156
208,222,0.5320532205995123
208,333,0.8168154039372014
208,251,0.6364432120906385
208,285,0.7938042616218064
208,377,0.6445497096636225
208,309,0.7030075499425881
209,289,0.5598677052727047
209,467,0.85902744619697
209,247,0.4928153648721868
209,219,0.5705650155299166
209,385,0.8780477915605028
210,362,0.35923510218423854
210,455,0.8032920817938709
210,319,0.3847075973297286
210,373,1.0
210,430,0.5871359608063638
210,361,0.6087918668987878
210,372,0.938811621278473
211,270,0.6516488480075736
211,242,0.701731899178506
212,374,0.9987502185179663
212,399,0.6536552476726255
212,444,0.7482045962961457
212,297,0.6837179169679439
212,366,0.6361237165818916
213,338,0.5844518216444684
213,382,0.5647635943028613
213,484,0.8530898304309799
213,387,0.6867653107521144
213,395,0.5693236312924628
213,302,0.5075315118747977
213,446,0.658445581577673
213,384,0.6397995912388796
213,234,0.38013620452480223
214,238,0.5275391794807044
214,471,0.6648383214099571
214,444,0.6298849588721961
214,218,0.5048615202821879
214,257,0.3106942666796251
214,408,0.37665650176893084
214,430,0.7719696475969946
214,344,0.44819099884692765
215,488,0.6228193851976374
215,367,0.7534356832015664
215,453,0.6281696744648422
215,464,0.2850964196532251
215,254,0.9941435715983065
216,257,0.4244194713151424
216,384,0.559792398194599
216,302,0.8472212829314097
216,378,0.8699276293284082
216,338,0.8032000998260812
216,423,0.4983700629768488
216,374,0.3445002866475602
217,415,0.6371637157680095
217,444,0.603883681869031
217,448,0.587046683662673
217,478,0.7804330959565248
217,426,0.7167959635764993
217,232,0.556341359991656
218,261,0.8742591455780109
218,414,0.6443378598933596
218,359,0.7907215830230311
219,264,0.5665589936287243
219,356,0.6388233434540875
219,496,0.7605119899539113
219,326,0.46644144670267684
219,425,0.5623782408841043
219,289,0.6546465779292627
219,284,0.7028042598286844
219,265,0.6660511378970166
220,313,0.7707243543035639
220,350,0.3580537852669028
220,480,0.6132915677763139
220,298,0.559493257366729
220,435,0.340078872373973
220,493,0.6865207397473572
221,400,0.6957571452149769
221,376,0.4477360476829206
221,461,0.6786947772417676
221,300,0.5145729483212375
221,332,0.5821055947031523
221,389,0.8313326732176188
221,373,0.8493710347230855
222,408,0.7646015887983381
222,312,0.5628227467315251
222,370,0.8298935312950644
222,304,0.8837852891754108
222,480,1.0
223,265,0.7779681615122064
223,275,0.5468112362667976
223,255,0.3909650557835414
223,410,0.9463677878245228
224,257,0.5838681455478729
224,273,0.6957405941901537
224,343,0.7664570823194594
224,262,0.6764062807723432
224,422,0.6106331860640168
224,227,0.44599779935429523
224,358,0.7428593173673071
225,493,0.8306074965704592
225,451,0.5159204366555119
225,240,0.43801838075519695
225,491,0.6609772073900723
225,413,0.39831289984453216
225,421,0.7729685807009357
225,400,0.5631517204704657
226,337,0.7206619514727175
226,416,0.5102260432881468
226,404,0.37519750367351207
226,298,0.5208820723263703
226,450,0.8316185706689312
226,383,0.5231906979716945
226,432,0.349149501202211
226,433,0.5110683903493718
227,268,0.42981525449775215
227,408,0.6468492052910072
227,247,0.43795970076567253
228,261,0.6832642647837871
228,290,0.879806868023481
228,485,0.7994201577039477
228,289,0.6719746277724579
228,439,0.6724362395432456
229,278,0.6753996178682413
229,356,0.9041014822415153
229,281,0.7027339565173408
229,380,0.23457256625234066
229,230,0.7303939499065184
229,444,0.7516522503264746
229,341,0.48941309162834307
229,490,0.7023555292358433
230,415,0.4658050693929472
230,472,0.6929393488117037
230,479,0.3268588986998594
230,392,0.5511814972662007
230,240,0.6511397502659795
231,274,0.7125336217150194
231,318,0.6810961824032877
231,236,0.762758174068117
231,321,0.6461930731649284
232,348,0.6224816339048097
232,268,0.6883246708199882
232,361,0.4594610155471703
232,492,0.8227395666440246
232,413,0.5247679932516545
233,259,0.3416056212441279
233,349,0.7435247141870465
233,456,0.8625412183572226
233,260,0.8512213668972451
233,445,0.4920214286603255
234,446,0.7257143845402242
234,238,0.6082818141873972
234,434,0.1462222650118969
234,332,0.2148026151856834
235,304,0.7366911036088492
235,290,0.8191435205277513
235,366,0.7911017820272589
235,494,0.47276574725528964
235,371,0.8052182400357347
235,381,0.8351175849484535
235,237,0.44292870616364816
235,437,0.8191770697080144
236,283,0.5483984223121994
236,382,0.7038520409394137
236,488,0.751390558038384
236,394,0.6289149810137252
236,377,0.5215541228292627
236,390,0.7791947320525404
237,264,0.3840304700009335
237,481,0.5120999554131014
237,445,0.5821578960044194
238,350,1.0
238,356,0.8619019066188223
238,265,0.6559595386584814
238,483,0.7262298615455121
238,368,0.7947917954364767
241,401,0.4512574201751718
241,493,0.6002501667638163
242,458,0.5692227406255128
243,291,0.7342782153136942
243,361,0.9486194732651644
243,499,0.7123434941634854
243,380,0.7970403956602037
243,469,0.4834184412443494
244,361,0.5056962029443268
244,356,0.7304654917861259
244,306,0.7230093075846021
245,321,0.6547641545248076
245,374,0.5851828506552793
245,286,0.6084600387553759
245,339,0.8102384208320852
245,430,0.7825000176552238
245,305,0.614137092805837
245,437,0.5648701659194255
247,467,0.8236930454220383
247,367,0.6571360071585861
247,334,0.6958405762111551
247,293,0.6752977995863974
248,296,0.8831080661107923
248,461,0.6200573885221093
248,429,0.485720509560621
248,309,0.5186510062534041
248,384,0.5362429366514776
249,377,0.5876628930946618
249,328,0.7568969378287775
249,389,0.58819481474686
249,434,0.643479661762839
250,440,0.46022591427221476
250,265,0.7236464066934865
250,370,0.6294301651641051
250,345,0.37134522424600414
250,468,0.6692787119475675
250,275,0.4562113243576084
251,380,0.6759557883320182
251,381,0.9437582947091541
251,279,0.5979457426494615
251,276,0.8568808557109022
251,396,0.7640251058501962
252,406,0.4495709017419383
252,337,0.6887394684590515
252,424,0.5865781941055287
253,390,0.608469635678403
253,472,0.44897270422950486
253,483,0.8301119052750369
253,396,1.0
253,319,0.8216237775764579
253,343,0.6547738086046276
253,461,0.651592177255878
254,447,0.6290099987471485
254,451,0.6708267827549947
254,360,0.4839096173592241
255,330,0.3845402045180334
255,483,0.5297734016351313
255,267,1.0
256,469,0.8718675798675907
256,316,0.8708022863858861
256,345,0.7012782645456579
257,455,0.5294871732433353
257,492,0.6845041758214534
258,361,0.6960153445762847
258,435,0.5918392654236756
258,368,0.6385523681856613
258,477,0.5258131620193305
258,317,0.5525985291301073
258,294,0.41290314665175787
258,483,0.5713896002148461
258,279,0.5482771378504311
259,338,0.5582572512655163
259,341,0.8467619929290251
259,346,0.7166699945368613
259,465,0.8988595547857932
260,393,0.6632332727864868
261,392,0.7674327281556936
261,290,0.756463785515107
261,445,0.40562039914357084
261,297,0.4101540483472632
261,360,0.48995111830485416
262,294,0.8411224506216398
262,301,0.6784261930567661
262,485,0.9267338464443877
262,389,0.4789308385063381
262,303,0.5279289614592692
262,392,0.5429375875775321
262,422,0.6167222733790867
262,452,0.5939398052562334
263,498,0.747941140508474
263,280,0.7234800358053223
263,325,0.5426516415464957
263,432,0.47520626546413713
264,332,0.590405256649365
264,325,0.32976701081315796
264,470,0.6605251187999764
264,321,0.4089794362264161
265,325,0.5734516381127591
265,362,0.37821708226042894
265,379,0.6746569469969783
265,405,0.7399065323332633
266,293,0.5862099959304533
266,451,0.4982289897003943
266,494,0.7975688521529994
266,396,0.5503727568342857
266,366,0.46530570649203506
266,403,0.48411382445292817
267,373,0.5766542913636773
267,480,0.6581165430321609
267,369,0.5596308512053892
267,360,0.6585199315214096
267,389,0.3557312386798893
267,484,0.7188805281847358
269,284,0.48540105731754424
269,338,0.6886233587559866
269,294,0.6669757983528861
269,339,0.6390393137387038
269,280,0.40906669011639074
269,285,0.508856861479833
269,405,0.904142665237643
269,399,0.5994783513672364
270,275,0.7737871703827709
270,335,0.7575248458825905
270,295,0.7201158590135213
270,419,0.5862254997303282
271,483,0.20884133605186822
271,474,0.5657374160616473
272,334,0.4436930599385847
272,301,0.5066475261713805
272,317,0.6616125852658346
272,437,0.4203208484151527
272,499,0.6016700897718946
273,320,0.6301772039816621
273,307,0.5368234479412405
273,283,0.668369934888235
273,321,0.7052401083374048
273,297,0.5362577260369548
273,422,0.530277572768419
274,292,0.5004165018070252
274,465,0.6961834964004566
275,462,0.7933568702260225
275,496,0.6560506095341944
275,340,0.40970430298257676
275,499,0.7809481405286145
275,473,0.6701745078724111
275,367,0.5717967499425451
275,385,0.733280427902771
275,373,0.46035372359979637
276,299,0.7964595972838364
276,370,0.5627593388059576
276,302,0.7222249303076067
276,461,0.5543425872784391
276,282,0.7382077619471759
277,479,0.638390869080492
277,311,0.6340759463446274
277,334,0.9199729937430423
277,300,0.7917430243408516
278,405,0.44795696620286274
278,365,0.4798723184151548
278,313,0.49727157700228974
278,448,0.9058960760717369
278,463,0.5162397941641759
279,438,0.7663285343049838
279,422,0.6031776051992508
279,424,0.7287134896719621
279,420,0.6205184540328375
279,446,0.9787430502509886
279,473,0.8242055103996816
279,368,0.6335271548209446
279,371,0.7586158646176051
279,328,0.8524433959818806
280,348,0.7714870974147398
280,488,0.5528006117237145
280,485,0.6241828172397523
280,316,0.6330340980043787
280,400,0.5868523839463884
281,442,0.5743819069445273
281,396,0.7292481417198166
281,385,0.555850414803942
281,322,0.5408888303660258
281,305,0.535740074691966
281,315,0.5576435458678436
281,488,0.48459127012442077
281,463,0.9246352149873103
282,324,0.6289863592002964
282,448,0.5546757546612113
282,302,0.27952345064058937
283,322,0.4645917493043229
283,321,0.7597167312371713
283,298,0.7607519835824259
283,410,0.3960638445427074
283,315,0.7088318120797011
283,444,0.47833513470366296
283,404,0.8881316634939741
283,456,0.3546205811909684
284,408,0.7723186248696412
284,363,0.5509086540067325
284,376,0.5669984446790299
284,428,0.845828654558464
284,373,0.5185998186597188
285,461,0.5320802162317229
285,307,0.7612526119004087
285,472,0.6975082654721448
285,312,0.6886890253013848
286,475,0.972264499114684
286,369,0.5571923324099228
286,432,0.5566896249823814
287,402,0.5664555858760139
288,453,0.709177445109721
288,320,0.4939842691586081
288,378,0.592410941219817
288,452,0.46559340224655454
288,491,0.7866170163534142
289,363,0.8184445234419808
289,396,0.688789555957959
289,302,0.6878192103437026
289,410,0.7042531171377332
289,451,0.6410007962873492
289,407,0.6102074026424127
289,384,0.7988481694254831
290,491,0.946937865854034
290,369,0.853354172662644
290,316,0.44415103925031596
290,318,0.6344859215619973
290,435,0.3013164587107314
290,299,0.6331016515464131
290,438,0.7596626982549017
290,315,0.7618251315080458
290,326,0.6151231938511325
290,470,0.4298639667733829
291,318,0.6976216926256991
291,367,0.908230722961744
292,387,0.44075602659892876
292,474,0.8433649168302091
293,341,0.4961235716683349
293,345,0.6765877077588627
293,497,0.9820729999101412
293,308,0.6274873014557927
294,421,0.5152789157555483
294,391,0.5555084747321568
294,339,0.5615480411916935
294,431,0.9263927326230421
295,410,0.5749183755702645
295,384,0.7259217212694845
296,420,0.7152283989832667
296,322,0.74987098441535
296,348,0.399755781435792
297,468,0.5860142291688736
297,405,0.5966279166088959
297,409,0.8209238203895703
297,374,0.7179321894988739
298,425,0.37980519568973004
298,433,0.5655824219454471
299,353,0.6652569626832544
299,401,0.7230108519966001
299,394,0.5887419084724521
299,404,0.3601758929965975
300,312,0.42399408802965427
300,457,0.5398097856502401
300,475,0.7027854382859432
301,316,0.6693925780860721
301,404,0.5601479765160026
301,303,0.6697231151773106
301,371,0.4466990898696638
301,336,0.5806304287306326
301,308,0.4574512961893347
302,420,0.6349912388060205
302,394,0.47160231186674817
302,441,0.7350531933743547
302,331,0.7405933571095593
302,427,0.48709087298562453
302,392,0.37407957453309437
303,332,0.6824955222296345
303,491,0.4316636452486694
303,331,0.9083602417904448
303,447,0.6905999654384415
304,392,0.45530097297185956
304,477,0.6667968545471968
304,426,0.748352623170526
304,330,0.8898701582079934
304,356,0.6465703866335742
305,424,0.4865089986061888
305,469,0.7765936786698736
305,473,0.6167163467614957
305,417,0.8951298584728354
306,344,0.8611424977904188
306,496,0.4235852922578647
306,497,0.7105204749861067
307,429,0.7773085075701112
308,345,0.47770302647381546
308,421,0.6300760974159808
308,413,0.7612588038526343
308,497,0.43996392584440147
308,428,0.6254080577392547
308,465,0.5395259657921683
309,380,0.8315200309733433
309,373,0.5649266018346495
309,470,0.8569109719106964
310,357,0.7121519621566748
310,395,0.4187835102339138
311,371,0.4912228740311928
311,473,0.49292478894543423
311,475,0.7263072009408358
311,401,0.5152589473978471
311,425,0.9408803273696222
311,429,0.49716723616919156
311,400,0.6005931178168548
312,364,0.9324690772030475
312,345,0.6174744912633823
312,352,0.6698899137711767
312,439,0.6805203797648341
313,419,0.6423738961972099
313,356,0.7802902844495593
313,318,0.768960325138275
313,412,0.6358844568124806
313,385,0.7453397742886843
313,392,0.7332080472163286
313,369,0.6155771703678479
314,449,0.83027701545542
314,486,0.5991337875974376
314,327,0.6103709020525317
315,394,0.5457429078906842
315,374,0.6854379196972157
315,352,0.46585327544736144
315,409,0.6126479555058915
315,364,0.6855901596240559
316,444,0.5346175650276636
316,434,0.7419280871195157
316,384,0.9187453322000921
317,395,0.9699710728565527
317,359,0.9685408094282003
317,365,0.7284066283419142
317,450,0.4710889013092879
317,476,0.2532652681392714
318,472,0.4915431101958167
318,424,0.48247856903894126
318,456,0.7856844786372819
319,410,0.706125513630203
319,466,0.3672157453366791
319,353,0.7108121431476966
319,443,0.5926886816982647
320,433,0.7470368532228373
320,386,0.7910984798146646
320,436,0.8522213506818973
320,438,0.7570764953565008
320,321,0.7155591485180425
320,362,0.7000746522479736
320,358,0.571545667835384
320,324,0.4154128823740298
320,475,0.3045701684763725
321,363,0.7040795540524318
321,455,0.5138159145232718
322,384,0.7198841979178718
322,457,0.8474179641447774
322,432,0.8668622764458741
323,424,0.7543013669417896
323,420,0.7779877873396118
323,455,0.4930621868278817
324,340,0.6651839235130157
324,475,1.0
324,366,0.7126687219050006
324,423,0.5865754366896885
325,404,0.8795768659156873
326,462,0.34669254330371324
326,342,0.6498870738267435
327,399,0.260984475458097
327,332,0.6976437636707735
327,426,0.742350933976908
327,413,0.7419857220227191
328,361,0.3184482183607986
328,363,0.7088768446774849
328,414,0.7775104895527112
328,429,0.9337081298084488
328,481,0.7510849648168922
329,360,0.5254050607795868
329,379,0.8281491760314152
329,408,0.6930252775492921
330,499,0.7563086495993927
330,355,0.723526882868341
330,413,0.823442667070664
330,445,0.6630135976499015
330,464,0.4333363814241124
331,487,0.418804490436353
331,437,0.5940073488580634
332,433,0.24385302890792845
332,348,0.6307444602713695
332,372,0.8018283264588586
332,404,0.4756757433486501
332,414,0.3124286277517063
332,351,0.5283817475060026
332,485,0.6413323428933536
333,405,0.5932416093082964
334,488,0.5595770842514731
334,462,0.3990357230437477
334,472,0.4885829604245579
334,363,0.7007007277653442
335,417,0.6381910615919253
335,495,0.7444644967428138
335,391,0.40119319237690576
335,365,0.832975041817631
335,375,0.46243906966823856
336,412,0.5693866991942893
337,379,0.5920228876092356
337,479,0.8691539467493811
337,428,0.5224748943721772
337,360,0.3353217174377978
338,343,0.6323328798605571
338,413,0.5815194053813175
338,429,0.7601135518462836
339,437,0.7547081033511406
339,451,0.7050963403431632
339,340,0.7223594612070026
339,483,0.8889665028988321
339,477,0.732794023658541
339,423,0.6413694854191063
340,470,0.44290193024838265
340,457,0.6752405304936593
341,483,0.6505545453010282
341,461,0.7920241342843856
341,382,0.5251864017839522
341,458,0.5680472844998762
341,449,0.7827064575555882
342,431,0.5427434962224299
342,432,0.7725711538258379
342,413,0.6250162333501958
343,344,0.6255350293010621
343,365,0.541687618963806
344,395,0.6126166143596035
345,471,0.5860616687710958
345,468,0.5010821181224009
346,435,0.7608807802015989
346,460,0.47826414812356643
346,361,0.5149000022212831
347,444,0.6619437386990408
347,442,0.6731844071365207
348,420,0.6110000619780513
348,461,0.8514576546537556
348,360,0.7813416626164761
349,379,0.8804941283019231
350,433,0.4759987163675562
351,411,0.6963418586882105
351,496,0.5438220565053066
351,386,0.470294176260016
351,364,0.6266914787704201
352,480,0.37068971445469584
352,477,0.6893329153440787
352,367,0.4380666183802979
352,444,0.7501663946025618
353,389,0.652965463087949
353,414,0.6401319503681513
354,395,0.9011001184321362
354,498,0.5415424119255746
354,478,0.682873623441622
354,454,0.8398133682111029
354,479,0.5601539257395709
354,385,0.7332271855190143
355,496,0.48662869635995276
355,427,0.7516909185961687
355,393,0.9334382594737201
355,475,0.6170184832208505
356,411,0.7708899896664838
356,438,0.4832907808711048
356,452,0.7368981186454372
356,469,0.2163451041558169
357,407,0.6411602428021291
357,404,0.6270689286602285
357,478,0.5412965798287754
357,466,0.6018099213330609
358,496,0.450994967518137
358,484,0.8618180340237236
359,402,0.6258542578439976
359,407,0.6500491692086836
359,486,0.8647017085460602
360,483,0.48178072603785344
360,446,0.7269887418030176
360,497,0.6553177155810996
361,396,0.6288618025869002
362,485,0.6534413578074236
362,434,0.7085196362086953
363,375,0.8802446625738463
363,446,0.6631537028125071
363,395,0.6325454917603245
363,447,0.1719713480178877
364,369,0.6516216012248061
364,382,0.8171643845615439
364,474,0.8130203170845356
364,426,0.6843406787290152
364,381,1.0
365,470,0.7256232674313171
366,424,0.48756466590533276
366,474,0.5816289331456618
366,420,0.5817890374608655
367,369,0.47543322041962405
367,393,0.8041420840311675
367,450,0.49015503661138593
368,378,0.9967108439437659
368,453,0.5586999822019159
368,389,0.6920781521049981
368,382,0.6413047921658019
368,415,0.847233234125414
369,402,0.3944069559812666
369,398,0.6908525159174878
370,405,0.6164877635235316
370,424,0.6894661596132129
370,398,0.3169649666612214
370,411,0.6411660849619698
370,483,0.6620576505788391
371,396,0.8696823222905278
371,485,0.7281767580187115
372,416,0.2633493602753179
372,485,0.8252410050694667
372,396,0.5084353697798074
373,444,0.31868891152787665
373,409,0.7620354092143748
373,399,0.4605560584917809
374,473,0.5463300233715037
375,407,0.6609087382869419
376,440,0.5928526902149787
376,469,0.7112289975110813
376,395,0.5610565158008064
376,387,0.5532437925574822
376,405,0.5552511179559517
377,452,0.8465977620996473
377,405,0.42430796482460154
377,399,0.6817500751512572
377,482,0.4562708267639939
377,488,0.918325290607634
378,400,0.8725811344951862
378,419,0.3606580776355789
378,487,0.2948159345433023
378,407,0.8157143746797842
378,410,0.8173240705250239
379,437,0.6774871375494711
379,396,0.6271355356521119
380,397,0.5813358578766284
380,386,0.22474436709466747
380,479,0.5067861337864925
380,396,0.6488605263956463
381,421,0.6721757640754378
381,469,0.503349181007532
381,464,0.5121628426424732
381,424,0.781358343573453
381,382,0.7014492612153524
382,412,0.6292456944484797
382,447,0.5694660321879245
383,410,0.5148512510074206
385,488,0.6176243171158061
386,496,0.6398035995173518
387,480,0.5607512057735493
387,449,0.6280213942422048
387,488,0.5838625561620893
388,402,0.7332119934136239
388,419,0.768404896422562
390,489,0.6026211722920018
390,458,0.5805502669128726
390,448,0.8679042792437228
390,399,0.5085810364909235
391,464,0.7335407069070099
391,467,0.6307275451273101
391,443,0.32887007355453296
392,454,0.9555988612091295
392,412,0.6738696533409586
393,401,0.595693292992532
393,436,0.6514321553995162
393,487,0.8736158273003773
393,408,0.7018228327894379
394,475,0.4123715592725573
394,481,0.6767620313187285
395,437,0.5241317164945105
395,458,0.7763258291290356
396,457,0.6705912296899087
396,468,0.4399827205419638
397,454,0.7366620987720043
398,463,0.5528254168291339
398,417,0.5455720058502661
399,468,0.7066591057999827
399,479,0.5109970480291905
399,453,0.7343183375901144
401,430,0.8382044714447144
402,439,0.6040915229893589
402,491,0.5409573023888747
402,449,0.4169801230391421
402,474,0.5767611058328475
403,430,0.31978576583532303
403,459,0.5083514533176479
404,417,0.4790119349128763
404,473,0.6057208788666133
404,499,0.8978263834505044
404,453,0.6805718451546781
405,418,0.7946508636332426
405,471,0.6008363000240706
406,416,0.485598534774697
406,481,0.4133739627848426
406,470,0.4677504054850392
406,492,0.5235100893047683
406,444,0.4557659329735992
407,465,0.7617025659691443
407,420,0.7334858780294347
407,437,0.6163368547996964
407,443,0.5541944564996263
407,460,0.6075397109203524
408,489,0.7555887446321089
408,477,0.6871272147801708
409,419,0.616530776914016
410,455,0.606482589756117
410,421,0.42032395725920785
411,461,0.4806398319653687
412,415,0.8231981673626876
412,439,0.6011788424566367
413,424,0.46492855342539635
413,451,0.2673721735985989
414,469,0.7405276945171514
414,426,0.3324711265926418
415,429,0.5435584305718716
415,457,0.7260209095537544
415,481,0.5898204879048241
415,434,0.4845100540479373
416,421,0.5204720465214723
416,473,0.5014879822365692
417,468,0.37513858642184406
418,490,0.42275812924818346
418,420,0.7070056422693279
419,480,0.38789469546414995
419,456,0.6578398334120306
420,488,0.6048244873564729
421,469,0.6351523883375836
421,462,0.8152295879859213
421,441,0.6151286448562248
424,495,0.455409328852181
424,443,0.46110218511556916
425,469,0.6153599365193857
425,441,0.6090745783665614
428,482,0.5245230319008589
429,445,0.747464215981987
430,432,0.4786077520020331
433,488,0.6400904234987297
434,447,0.8844835218934468
435,478,0.6527809798131887
436,474,0.5378204198217376
436,490,0.4894770629648653
436,449,0.8937875025127854
437,485,0.8152666630485658
437,480,0.7472725111928262
438,444,0.5037976217638553
438,451,0.7712827925483425
439,491,0.7945115377308971
441,455,0.5606333424593166
441,485,0.6025877920324286
441,481,0.5353668167703329
442,463,0.6899808059324458
444,470,0.5128762055974406
444,479,0.6399576813271298
445,454,0.5826040083381264
446,498,0.5966022866932197
448,463,0.7626265796325534
449,473,0.436794747857718
449,499,0.6082894941076039
450,471,0.7834812822242639
454,464,0.5611089183113076
456,470,0.6745166701783092
457,468,0.314332112889079
458,461,0.4180523248345409
461,496,0.2816527674924044
462,473,0.7252468707618949
463,469,0.7575130328742908
465,499,0.5228990300911985
468,487,0.7214905847475954
469,485,0.6993781160411184
470,471,0.6960189416863137
471,485,0.4880429774463731
471,483,0.6811621962334213
472,473,0.5747326978122497
473,494,0.7790976243868092
474,498,0.5346394251418649
475,478,0.7435308394374454
477,493,0.605568351879241
485,487,0.7673587860326572
489,498,1.0
