pet_id,breed,size,energy,temperament,age,social_score,weight,activity_level,location_lat,location_lon,community
0,Bulldog,medium,low,calm,1,0.7166621340910975,31,0.46708515639555864,37.777234245547454,-122.41625750976078,0
1,Labrador,large,high,friendly,2,0.7508128334322581,68,0.8293318426793522,37.82099943455522,-122.410032278782,2
2,German Shepherd,large,medium,protective,13,0.6391685036318295,71,0.5907877232231832,37.792669232443906,-122.45235737045041,1
3,Golden Retriever,large,high,friendly,9,0.8926319231083132,91,0.14429569651649826,37.78972716000078,-122.38878462367806,1
4,Border Collie,medium,high,intelligent,13,0.8250914091072246,55,0.1136585554568986,37.83420824727508,-122.40722768392091,8
5,Bulldog,medium,low,calm,1,0.751089293378924,36,0.4058816367787842,37.75220704865813,-122.45529109253602,3
6,Shih Tzu,small,low,calm,5,0.48250793210754445,10,0.9340277027617049,37.73445933887493,-122.38414553358679,8
7,Chihuahua,small,medium,nervous,12,0.334942165787869,14,0.2643970034354664,37.71656145797858,-122.42277826433337,8
8,Beagle,medium,medium,friendly,5,0.7094025760506284,54,0.5550879268808933,37.78204726346143,-122.3790251227377,9
9,Chihuahua,small,medium,nervous,6,0.3609914577470223,22,0.7740359737525642,37.711408764176284,-122.4584606244455,1
10,Beagle,medium,high,friendly,8,0.802175925282545,25,0.29532533621976753,37.894130329103895,-122.50108841394109,9
11,German Shepherd,large,high,protective,8,0.5323760061218705,69,0.47001424465502,37.837365174966735,-122.45552240604732,1
12,Beagle,medium,high,friendly,7,0.7840584610831862,56,0.076674944868106,37.87326939112522,-122.4045287603169,7
13,Corgi,small,medium,friendly,6,0.7067795246710178,17,0.5595949040919245,37.74555214527887,-122.36309305674492,0
14,Dachshund,small,high,stubborn,3,0.4003874623431928,14,0.2357612501007542,37.78738790425518,-122.4261713302156,0
15,Border Collie,medium,high,intelligent,12,0.6988840604986771,38,0.7532930119526429,37.78346254367334,-122.37638407213625,10
16,Border Collie,medium,high,intelligent,3,0.795598700773696,30,0.3510404537891661,37.7969604732989,-122.46957233524171,9
17,Shih Tzu,small,low,calm,5,0.6934400188922812,9,0.4945249887207252,37.76378004914225,-122.42924490103094,3
18,Bulldog,medium,low,calm,13,0.6257761970345127,55,0.6735063214591878,37.81135195517225,-122.35980963158934,7
19,Labrador,large,high,friendly,10,0.7892866601779496,64,0.3157214382135402,37.74340536352041,-122.36517262935506,1
20,Beagle,medium,medium,friendly,2,0.8704464175412308,42,0.819891233297642,37.82861478403374,-122.3653609203602,1
21,Chihuahua,small,medium,nervous,5,0.21113843853749745,10,0.43551991110750826,37.720067251436554,-122.49868929232538,3
22,Boxer,large,high,playful,11,0.9703126696224506,77,0.30413306275211055,37.84071113961058,-122.35567720707095,8
23,Beagle,medium,high,friendly,9,0.8272592265502497,30,0.7596133819406187,37.75507444100374,-122.41759204468381,1
24,German Shepherd,large,high,protective,2,0.6390081492880497,77,0.8858719143856786,37.71818396707565,-122.40494887739584,8
25,Border Collie,medium,high,intelligent,10,0.7570302870554583,46,0.14384595306027784,37.6974165295722,-122.38581152128609,3
26,Boxer,large,high,playful,9,0.8005215401752874,74,0.557344803571124,37.76420551992921,-122.49159935304242,3
27,Border Collie,medium,high,intelligent,11,0.5864715391423015,27,0.7012637463578558,37.79954766099165,-122.33425731627634,2
28,Golden Retriever,large,medium,friendly,14,0.8550350481706691,74,0.46631932711106805,37.7514389342576,-122.49771367796647,2
29,Pomeranian,small,medium,bold,8,0.44725479030634185,7,0.549822350428841,37.8295027945813,-122.4068186746536,2
30,Golden Retriever,large,high,friendly,2,0.9912818650754407,83,0.5036396324173963,37.79903176219427,-122.43858618130449,3
31,Boxer,large,high,playful,6,0.7254338684754832,79,0.215698909518812,37.806849298205535,-122.47389232526847,2
32,Husky,large,high,energetic,1,0.6270005654265519,93,0.17202069023719133,37.76912899802301,-122.4927708296705,3
33,Labrador,large,low,friendly,4,0.8988765332625979,96,0.50415481637958,37.830968435313274,-122.43526107230335,1
34,Golden Retriever,large,high,friendly,6,1.0,73,0.4894504697943801,37.748377551918416,-122.44515847167133,0
35,Boxer,large,high,playful,6,0.736697676858306,96,0.4310830550365992,37.69680241877398,-122.37231068707237,0
36,Corgi,small,medium,friendly,4,0.5744840475566435,12,0.26765305630923353,37.87447806783772,-122.46129519410002,9
37,Husky,large,high,energetic,5,0.7419160107129252,91,0.39240268900255193,37.697508126214416,-122.3735765358002,10
38,Bulldog,medium,low,calm,3,0.8088598203834256,59,0.24141066104709583,37.78903919692665,-122.3823169057056,0
39,Shih Tzu,small,low,calm,8,0.5328575892610327,12,0.2552077222103183,37.69268559280865,-122.34442927731315,0
40,Poodle,medium,medium,intelligent,10,0.7898785705446043,37,0.8203731163734427,37.7089442485873,-122.41277686325317,7
41,Dachshund,small,medium,stubborn,10,0.5945801784234996,24,0.29282365037914865,37.7549606186081,-122.42725475273673,8
42,Poodle,medium,medium,intelligent,5,0.7778824799929651,44,0.8462579367027055,37.76566042161594,-122.50792034889085,0
43,Golden Retriever,large,medium,friendly,3,0.9708099208065067,64,0.4013348584628623,37.8411218478468,-122.33570285008102,10
44,Labrador,large,high,friendly,8,0.8158645446591086,65,0.8108469852722181,37.74582343788754,-122.46965508608953,9
45,Border Collie,medium,high,intelligent,12,0.7465855767143353,27,0.3210912714975437,37.75358354782929,-122.47725885830603,9
46,Poodle,medium,medium,intelligent,9,0.6728151025675096,55,0.8261588090626721,37.69799015786254,-122.48755569328071,10
47,Border Collie,medium,high,intelligent,6,0.7467697845115189,57,0.17254587212492073,37.72798367705592,-122.3928729637471,10
48,Corgi,small,medium,friendly,6,0.6466350003784497,15,0.9212693090456192,37.72498745518212,-122.34897669797948,1
49,Golden Retriever,large,medium,friendly,6,0.9112001458711408,82,0.016984709953132074,37.83855344351436,-122.33879436902123,0
50,Boxer,large,high,playful,4,0.6884749917546025,63,0.23303041633114802,37.82652038655818,-122.39729498332103,1
51,Bulldog,medium,low,calm,8,0.5611431629698374,26,0.4547299753857659,37.70085115614885,-122.40273341672955,8
52,Shih Tzu,small,medium,calm,3,0.6872616759420306,17,0.760494451702301,37.80466923281952,-122.48357424118822,0
53,German Shepherd,large,high,protective,8,0.6722683010989493,78,0.3323342308292412,37.76368748664398,-122.36734811894517,9
54,Beagle,medium,medium,friendly,3,0.840946376156079,54,0.5285210754570603,37.80603543746715,-122.4962878421537,1
55,Golden Retriever,large,high,friendly,14,0.7445468059112881,84,0.7372838237530975,37.78415173198829,-122.48105457927872,9
56,Poodle,medium,medium,intelligent,11,0.694556936124119,56,0.614462042878751,37.778945773529976,-122.39718199902778,2
57,Beagle,medium,high,friendly,9,0.8805403128523398,50,0.6678576180158806,37.7499770443147,-122.41965530725463,2
58,Husky,large,high,energetic,9,0.7540410163620439,60,0.3540565191484389,37.811225614900216,-122.33518495737403,2
59,Golden Retriever,large,high,friendly,8,1.0,73,0.8423960239957411,37.78344585484137,-122.43767537087969,8
60,Dachshund,small,medium,stubborn,10,0.4168575990748923,12,0.40757693859023203,37.785672220178746,-122.46561437142184,2
61,German Shepherd,large,high,protective,13,0.49382139963567084,88,0.7744144518803816,37.71640689810175,-122.3994801513255,8
62,Husky,large,medium,energetic,2,0.797375341659563,71,0.674161134872881,37.743476559239525,-122.46077116355592,8
63,Labrador,large,high,friendly,5,1.0,87,0.3537234281192509,37.82030978905425,-122.48060713298729,0
64,Corgi,small,medium,friendly,3,0.7396329809506417,20,0.8918753851472486,37.754311030135554,-122.45072467329952,3
65,Beagle,medium,high,friendly,12,0.7728973284281159,42,0.8868614818359009,37.80723073804868,-122.45822892725793,0
66,Bulldog,medium,low,calm,9,0.5055636507326227,32,0.44709270075961144,37.800686945778054,-122.43387405369043,3
67,Bulldog,medium,low,calm,10,0.7405976733039834,48,0.5244282013444356,37.834030479738026,-122.41927378205273,9
68,Labrador,large,high,friendly,3,0.9593839250712477,85,0.620852108332005,37.78466761134213,-122.4394623577396,8
69,Pomeranian,small,high,bold,14,0.6137291375684808,5,0.6150578694944436,37.71796641284798,-122.43407231527137,0
70,Poodle,medium,medium,intelligent,8,0.7039532285653538,40,0.4928317169311276,37.76432858167229,-122.48730686806107,10
71,Golden Retriever,large,medium,friendly,10,0.906032180922737,81,0.6388906931006176,37.859980050294524,-122.40755699023782,0
72,Chihuahua,small,high,nervous,9,0.4814418198796193,7,0.36487940493499127,37.72597349524385,-122.4480936987779,3
73,Beagle,medium,medium,friendly,8,0.7824591683727876,45,0.27115724573206507,37.80709448254728,-122.52557652998257,8
74,Pomeranian,small,medium,bold,14,0.518574892529773,12,0.8065416036681715,37.782586684843295,-122.34741646083556,6
75,Dachshund,small,medium,stubborn,6,0.43144008248699117,16,0.3715777058286369,37.695975477727316,-122.40513074481291,5
76,Golden Retriever,large,low,friendly,5,0.9364197487602555,91,0.9255182177577655,37.69840407311063,-122.4373507614846,4
77,Bulldog,medium,low,calm,10,0.6760488315575942,53,0.6244345213138044,37.79667980462552,-122.41054115472795,0
78,German Shepherd,large,high,protective,6,0.6127562773154742,66,0.47064581290985036,37.67023287466857,-122.39997430343625,10
79,Corgi,small,medium,friendly,10,0.713302497495428,18,0.20800555156351427,37.78331188266543,-122.40639599187253,9
80,Rottweiler,large,medium,protective,4,0.33900221783757367,79,0.25011370399362587,37.7181592802443,-122.35769286668273,10
81,Boxer,large,high,playful,13,0.7875874297626674,79,0.2692103536781715,37.77237360778575,-122.37062794403637,0
82,Dachshund,small,medium,stubborn,6,0.4042772346070068,11,0.14321606554017036,37.76201075943812,-122.44154826887798,7
83,Rottweiler,large,medium,protective,7,0.399815436142514,95,0.840993446593556,37.8623454910884,-122.32606932309346,3
84,Rottweiler,large,high,protective,14,0.5244670412028185,79,0.5387402654182903,37.837154157582106,-122.44312642598159,10
85,Shih Tzu,small,low,calm,12,0.4814426701210862,21,0.5411712774283781,37.79002132647435,-122.5104131467426,9
86,Shih Tzu,small,medium,calm,13,0.4979854158402918,11,0.4736158883007908,37.80011246236635,-122.43617367870753,9
87,Bulldog,medium,medium,calm,11,0.8275792237378717,42,0.36084606831400895,37.711890611022554,-122.43302947107901,0
88,Husky,large,high,energetic,11,0.6194160114807238,82,0.6607295109924985,37.7885967700252,-122.38711567679661,9
89,Boxer,large,high,playful,2,0.9284027342392404,92,0.6414623280627559,37.78662542031799,-122.46473608762916,2
90,Shih Tzu,small,medium,calm,10,0.4919573813588919,17,0.6218474798824015,37.77212426971294,-122.47631845356254,5
91,German Shepherd,large,high,protective,12,0.5065856912484117,76,0.81277110760515,37.6864768003509,-122.40347741811718,3
92,Boxer,large,high,playful,13,0.6884360120090791,94,0.22755431929955988,37.81221159808322,-122.50252826096224,2
93,Boxer,large,high,playful,4,0.6930318383213769,84,0.6368880942298352,37.75857630573452,-122.39960545777103,1
94,Pomeranian,small,medium,bold,11,0.4023537877405002,20,0.35058207203236824,37.736812883077484,-122.41465763266106,6
95,German Shepherd,large,high,protective,7,0.5118173533813787,64,0.7862699424970531,37.82090515382221,-122.42614100859358,3
96,German Shepherd,large,high,protective,8,0.4761000709525651,72,0.3750918842609493,37.74563182302482,-122.34378634048869,8
97,Poodle,medium,high,intelligent,9,0.6328724985892136,49,0.4282714570916545,37.768555365956935,-122.41583200579471,7
98,Poodle,medium,low,intelligent,3,0.6204530858511512,41,0.9271030652220319,37.897397325034696,-122.41056124957309,0
99,Husky,large,high,energetic,2,0.5782149971626679,84,0.8383983491101106,37.814339429566296,-122.36575212644713,10
100,Golden Retriever,large,high,friendly,14,0.9287772471306232,63,0.8971611615612186,37.796959718455675,-122.47355773359814,10
101,Corgi,small,medium,friendly,9,0.698503577367857,13,0.3684566969352065,37.700405480914704,-122.36883905986454,3
102,Bulldog,medium,low,calm,6,1.0,44,0.877956370842798,37.7315500538895,-122.2798949360684,4
103,Poodle,medium,medium,intelligent,2,0.7471807034126489,46,0.10329347468390881,37.791161610822954,-122.46956473875694,8
104,Husky,large,high,energetic,7,0.6709753065490673,64,0.47171653768487015,37.7928423935141,-122.29103646124955,3
105,Shih Tzu,small,low,calm,9,0.6451980026165683,10,0.337192832421389,37.74225514491459,-122.45266226295028,8
106,Labrador,large,high,friendly,11,0.8701574823313535,86,0.73059946854192,37.74102402551808,-122.4254835379937,10
107,Border Collie,medium,high,intelligent,4,0.8917480086963737,51,0.8326978381818154,37.773237873539586,-122.34809491211477,10
108,Chihuahua,small,medium,nervous,1,0.6014798598551632,12,0.10523174296894586,37.77003567711477,-122.40879162129652,0
109,Boxer,large,high,playful,12,0.7816689793211943,63,0.688666370520138,37.755756416068984,-122.42451402442434,5
110,Golden Retriever,large,high,friendly,7,0.9745063235605594,61,0.2708625723372682,37.70409130952265,-122.433709246138,8
111,Corgi,small,high,friendly,12,0.7953551219792971,11,0.9544482443234227,37.83993545839168,-122.395361457878,9
112,Dachshund,small,medium,stubborn,4,0.8611758777708758,5,0.5310512731364202,37.807198011719805,-122.37991305736931,0
113,Boxer,large,low,playful,10,0.722350530012434,98,0.2654716458975283,37.7587606019751,-122.33573745426632,3
114,Husky,large,medium,energetic,8,0.8626272247556179,77,0.5293733251533203,37.69319213287628,-122.4742002408984,4
115,Boxer,large,high,playful,7,0.6303450695684488,95,0.5897196465026493,37.695079850951906,-122.43782728810116,9
116,Corgi,small,medium,friendly,10,0.6978565185673158,11,0.3826439348601725,37.79899669420173,-122.39819612166262,7
117,Pomeranian,small,medium,bold,2,0.5582083618403133,18,0.30543092838140434,37.79336147537565,-122.47228894408177,8
118,Poodle,medium,medium,intelligent,6,0.6320305882266818,31,0.7738011100759232,37.8592802184562,-122.50832061488914,2
119,Poodle,medium,medium,intelligent,10,0.5879815366399225,37,0.43713213187460775,37.762711047021696,-122.40876035561986,2
120,Beagle,medium,high,friendly,10,0.7299702001046309,58,0.26510678959007805,37.83622611935853,-122.36412609378867,2
121,Labrador,large,high,friendly,8,1.0,86,0.4745329767948435,37.715178715491135,-122.46163374448344,8
122,Chihuahua,small,medium,nervous,10,0.32678603874993406,22,0.6620230854998305,37.79363639995581,-122.37682051955805,2
123,Golden Retriever,large,high,friendly,2,0.8987140730143438,79,0.5264913725363343,37.83591630308453,-122.41733230032266,0
124,Beagle,medium,high,friendly,1,1.0,33,0.3853416469153661,37.83125756763062,-122.4174796083878,9
125,Pomeranian,small,medium,bold,2,0.2638656751298447,12,0.496910971277248,37.63691627155363,-122.48226057084514,0
126,Pomeranian,small,medium,bold,14,0.4407462512074047,9,0.6033006243114191,37.87745077799043,-122.42504864352127,3
127,Husky,large,high,energetic,7,0.6156689258867152,78,0.33907042332342785,37.744209011575954,-122.4352732414605,8
128,Chihuahua,small,medium,nervous,12,0.527630817813119,14,0.455565980430818,37.78640887808287,-122.53885606514672,3
129,Chihuahua,small,medium,nervous,10,0.3762073780717774,10,0.6169687014644207,37.824296413355434,-122.43657401257076,0
130,Border Collie,medium,high,intelligent,8,0.6693154464635617,55,0.36894410724949983,37.7907833576973,-122.462029355339,9
131,Corgi,small,medium,friendly,8,0.4847493029871177,13,0.8933335854703502,37.812664185081175,-122.39082013696068,5
132,Bulldog,medium,low,calm,4,0.6500157629024194,51,0.663760072070338,37.767906817886015,-122.40786818520895,9
133,Husky,large,high,energetic,6,0.6792385720260881,74,0.6979801376684661,37.744262202012585,-122.46819769782509,2
134,Border Collie,medium,high,intelligent,10,0.5691299186544949,41,0.6982964344589878,37.792112426861195,-122.39806962439732,3
135,Dachshund,small,medium,stubborn,6,0.5232113662944164,18,0.7448815984915355,37.76879642718084,-122.36511961854778,7
136,German Shepherd,large,high,protective,1,0.5750390064878244,93,0.2243705175625844,37.79783082850338,-122.38873371555898,8
137,Pomeranian,small,medium,bold,6,0.3806254299591923,14,0.27546941407898123,37.73432469588339,-122.36402285372573,5
138,Shih Tzu,small,low,calm,7,0.7231659556846532,7,0.26329213191703493,37.70915447930113,-122.43942119947475,3
139,Golden Retriever,large,high,friendly,2,0.9109428526589943,76,0.30936333607491573,37.79595671500445,-122.4375475584795,6
140,Beagle,medium,high,friendly,4,0.7782330346284935,55,0.8416422606662988,37.666088834354,-122.39150490771735,9
141,Dachshund,small,medium,stubborn,7,0.3750567077431423,18,0.5408316374290472,37.67085793684659,-122.37684624902296,0
142,Corgi,small,medium,friendly,10,0.6098003140487984,23,0.624431408319414,37.831438018002565,-122.47366702751799,0
143,Poodle,medium,medium,intelligent,12,0.7329631117485557,55,0.6400355010316005,37.78553582946064,-122.43740153593556,5
144,Boxer,large,high,playful,5,0.7835066074612655,61,0.12972879842252744,37.78362385375448,-122.49579723412229,8
145,Beagle,medium,high,friendly,5,0.9319148844897989,35,0.6008604573405589,37.7784060994316,-122.49411464940724,9
146,German Shepherd,large,high,protective,14,0.41792875329493206,82,0.35479771722456693,37.848092007504356,-122.40758243785857,0
147,Corgi,small,medium,friendly,9,0.4763105846854034,20,0.5381572686194953,37.82597337450837,-122.38879527845636,2
148,Border Collie,medium,high,intelligent,9,0.7447767612259824,46,0.23519077471022581,37.76770535000412,-122.40700042541135,8
149,Boxer,large,high,playful,2,0.7483477395240041,91,0.2676222669340423,37.718361993890184,-122.45055089226693,0
150,Pomeranian,small,medium,bold,8,0.5841529832039366,5,0.3499077304599428,37.70644764427349,-122.40471187412403,8
151,Border Collie,medium,high,intelligent,14,0.6753816250639002,39,0.1541493102663149,37.70825641747205,-122.39659418028593,7
152,Poodle,medium,medium,intelligent,11,0.736430456906094,29,0.8487839473994173,37.77023548032973,-122.50117947227135,0
153,Dachshund,small,medium,stubborn,9,0.4445057275692535,18,0.9521172941963236,37.653121652144,-122.42308033770104,10
154,Border Collie,medium,high,intelligent,8,0.6331828729199014,40,0.5049605115426137,37.77699707772291,-122.41574531938745,8
155,Rottweiler,large,medium,protective,9,0.41379213703637613,94,0.5901499018372842,37.8083756022823,-122.37159673689467,8
156,Poodle,medium,low,intelligent,4,0.6386112581687501,57,0.43582590397385457,37.8130378008518,-122.47163164969484,3
157,Pomeranian,small,medium,bold,11,0.42941852093097854,21,0.5775354854602508,37.75333030138817,-122.36273853095783,10
158,Poodle,medium,medium,intelligent,6,0.48411167582239867,49,0.6020400723324115,37.809869095165105,-122.47218828271292,7
159,Labrador,large,high,friendly,6,0.9975876207210663,79,0.7729792881729841,37.66625872294667,-122.38471950711744,8
160,Bulldog,medium,low,calm,1,0.7539699607043614,45,0.418365763798196,37.74959316638477,-122.39927612458791,3
161,Husky,large,medium,energetic,3,0.460360668424202,62,0.5238775416214084,37.79150566994116,-122.36403733208847,0
162,Labrador,large,high,friendly,3,0.8013372867093687,84,0.7032465965731447,37.736948704778335,-122.3679583460432,1
163,Beagle,medium,high,friendly,9,0.7459218539877867,52,0.5031261495720442,37.72798433839717,-122.49378422715101,9
164,Bulldog,medium,low,calm,8,0.7631418331191175,58,0.3379569947518235,37.79622231896622,-122.37881543412546,4
165,Shih Tzu,small,low,calm,4,0.47339326870073706,15,0.6289315314953087,37.676742215088346,-122.4206762015965,2
166,Boxer,large,high,playful,8,0.7966339936459207,64,0.38721972956818035,37.72856043278386,-122.40803537761853,9
167,Husky,large,medium,energetic,10,0.7495783812042232,86,0.5140842742949017,37.74374456566936,-122.44603599103957,9
168,Shih Tzu,small,low,calm,5,0.6640919935749263,5,0.6932274029118267,37.7196177875964,-122.49113309343501,9
169,Labrador,large,high,friendly,4,0.8264592787957906,92,0.7111756493009882,37.77051885730456,-122.33817961349598,2
170,Golden Retriever,large,high,friendly,7,0.8521864148031587,64,0.5583220972900723,37.855151982336366,-122.37879909300787,0
171,German Shepherd,large,high,protective,4,0.6310525246859794,81,0.6677592492151357,37.842418649436176,-122.4111633139675,8
172,Shih Tzu,small,medium,calm,6,0.6588217180845239,22,0.3649833201320415,37.66231867741132,-122.42022165505504,5
173,Dachshund,small,low,stubborn,2,0.6227159737746467,21,0.42090555070560387,37.84392994378183,-122.48558512015882,0
174,Labrador,large,high,friendly,5,0.795340502373674,78,0.7486057062977143,37.73955926062238,-122.41558002781446,0
175,Pomeranian,small,high,bold,13,0.5189652992600963,6,0.15618387390012906,37.787223606403195,-122.49423474721198,4
176,Rottweiler,large,medium,protective,7,0.4931906545080875,93,0.5753123846524825,37.737946885034674,-122.41410488024151,10
177,Corgi,small,medium,friendly,14,0.6563538251683712,15,0.6669549916549058,37.73186435383777,-122.4543769210273,5
178,Shih Tzu,small,low,calm,6,0.6808209749713914,19,0.1269755648537019,37.84063665001638,-122.45809889482861,9
179,Golden Retriever,large,high,friendly,2,0.8691831274514175,69,0.4581801126126601,37.7339356017479,-122.3954837153758,3
180,Bulldog,medium,low,calm,6,0.7437188499583421,51,0.15258682691139014,37.684395880187125,-122.3448882762526,9
181,Pomeranian,small,medium,bold,14,0.44328240261567303,7,0.6582591123539276,37.85550744962695,-122.44350677315767,6
182,German Shepherd,large,medium,protective,13,0.6691108053779108,97,0.3923286226475986,37.68104245771974,-122.31947932796821,4
183,Pomeranian,small,medium,bold,6,0.44986814982222983,13,0.5936976760063074,37.76028310025945,-122.42485277646352,4
184,Labrador,large,high,friendly,8,0.8302359908316699,95,0.6702379970313729,37.73099148707121,-122.42950353010914,9
185,German Shepherd,large,high,protective,8,0.6890802335641817,64,0.21176258598533165,37.83208816031241,-122.45352526181077,1
186,Shih Tzu,small,medium,calm,1,0.3548748918424736,12,0.3134595778615636,37.69417013643278,-122.34906183979238,6
187,Poodle,medium,medium,intelligent,9,0.6604733412112356,42,0.7507651756236562,37.79510770850105,-122.40289516926613,8
188,Poodle,medium,medium,intelligent,13,0.7374370825057819,57,0.806453210203757,37.776403800857025,-122.37009718773179,4
189,Chihuahua,small,medium,nervous,12,0.24159676586363577,16,0.6106290940470291,37.745734672486435,-122.3448306756073,0
190,Labrador,large,low,friendly,1,0.8441537860469424,97,0.40927261053063585,37.749673384153624,-122.48292310171502,0
191,German Shepherd,large,high,protective,4,0.5517510542981621,66,0.12591461335961066,37.828888632479725,-122.41865223642431,0
192,Poodle,medium,medium,intelligent,7,0.5676039014492374,28,0.2844085140511881,37.790927032250465,-122.4252151549873,9
193,Poodle,medium,medium,intelligent,8,0.7057337048169982,53,0.8412097379112999,37.75190696461069,-122.44910630809598,7
194,Beagle,medium,high,friendly,5,0.784446226352465,54,0.38768184421941077,37.76053939120192,-122.47100494135458,5
195,Shih Tzu,small,low,calm,5,0.6564272094132955,14,0.6208345091015196,37.761206541169166,-122.43957290146737,3
196,Beagle,medium,high,friendly,13,0.8079341217080878,48,0.09016926162188854,37.778424590050506,-122.43842076124398,7
197,Rottweiler,large,medium,protective,1,0.5193271903197021,82,0.28871700027015385,37.86988285533552,-122.37175654605912,2
198,Boxer,large,high,playful,8,0.7851970419182248,78,0.5917752228745813,37.778397648495385,-122.395331838351,8
199,Husky,large,high,energetic,4,0.6458211068076655,73,0.5734106439491842,37.69667135021546,-122.38276507604017,8
200,Chihuahua,small,medium,nervous,8,0.3836082586639084,12,0.23117930562321126,37.70874562475262,-122.4224799802628,3
201,Chihuahua,small,medium,nervous,3,0.45004066375741536,16,0.42966662028816943,37.75718844250662,-122.32598890142688,0
202,Border Collie,medium,high,intelligent,5,0.9339627985967451,57,0.7742661767056785,37.75067740236228,-122.4890723520633,7
203,Poodle,medium,medium,intelligent,11,0.6721925890879219,36,0.7206496742316403,37.703122697570166,-122.42289137887616,3
204,Chihuahua,small,medium,nervous,7,0.40352753016885645,10,0.5077146705495451,37.74804669846859,-122.50945818382566,10
205,Rottweiler,large,medium,protective,14,0.40618075536197695,65,0.13986263890964162,37.7924101697492,-122.42277965553309,2
206,Boxer,large,high,playful,3,0.8209303868136897,89,0.6785854607560621,37.801064556439705,-122.45659912898432,0
207,Shih Tzu,small,low,calm,10,0.5121314872770292,13,0.46127810467991853,37.7655756380474,-122.4602921101778,5
208,Bulldog,medium,low,calm,7,0.7219560619351837,53,0.47036534758732546,37.77327304955977,-122.44517936444592,3
209,Labrador,large,high,friendly,3,0.96705348468867,98,0.7270946689743878,37.77072210784427,-122.4066355640122,4
210,Husky,large,high,energetic,11,0.7697426178380163,63,0.1803251263626618,37.8636923973819,-122.46392960911746,8
211,Labrador,large,high,friendly,11,0.7435671776489754,92,0.5786969546640258,37.6876497490749,-122.502286116569,9
212,German Shepherd,large,high,protective,5,0.5760997125720552,74,0.6668161731944691,37.80517847839041,-122.54423551959,1
213,Bulldog,medium,low,calm,3,0.5685561096465639,25,0.1818489903572591,37.77425233621841,-122.46006156537344,7
214,Poodle,medium,medium,intelligent,5,0.7662450593046803,27,0.758076327261612,37.6973121929598,-122.52866633087915,4
215,Chihuahua,small,medium,nervous,12,0.4357562934242566,13,0.3544115196553627,37.77078425730542,-122.40418412693465,3
216,Rottweiler,large,medium,protective,4,0.31603777998590066,99,0.35541385294376593,37.79346909634557,-122.48989216089943,2
217,Corgi,small,medium,friendly,7,0.6479343935199192,22,0.23332373801392065,37.852262890098814,-122.43291970447895,3
218,Rottweiler,large,medium,protective,6,0.5217803874737154,96,0.7683235117489697,37.70371306471092,-122.48021657622975,0
219,Chihuahua,small,medium,nervous,9,0.4601955661325354,15,0.7447837518089265,37.68994318155408,-122.37336063225514,9
220,Poodle,medium,low,intelligent,5,0.666803659893552,29,0.7227952674730294,37.836756187556226,-122.45807040467218,8
221,German Shepherd,large,high,protective,14,0.45317644351981906,79,0.39171161159626094,37.76106357255494,-122.35725314274127,10
222,Shih Tzu,small,high,calm,1,0.5010763962358863,23,0.30996240802293823,37.731566819864504,-122.45971876357028,3
223,Beagle,medium,high,friendly,11,0.651821262599483,50,0.47588500289537167,37.8195517799636,-122.38862937733245,5
224,Labrador,large,medium,friendly,1,0.9198747358738855,64,0.21720984997710677,37.75024695585843,-122.39047161300527,6
225,Poodle,medium,medium,intelligent,5,0.5631303064589928,58,0.21070400404265824,37.757806136662914,-122.39704310794704,10
226,Border Collie,medium,medium,intelligent,13,0.4933373563139909,35,0.7580055341965233,37.717152885584355,-122.44442832795394,8
227,Husky,large,medium,energetic,14,0.7319426970725883,71,0.11573641946855376,37.73493904532846,-122.38776886063725,0
228,Dachshund,small,medium,stubborn,9,0.4453488673206216,23,0.6072552994178857,37.795332165653356,-122.46701589738475,9
229,Husky,large,high,energetic,3,0.6789712956123866,75,0.1876151138121308,37.81555197937822,-122.40526442114653,10
230,Labrador,large,high,friendly,4,0.8489947528577044,79,0.48406619006104484,37.74472657510968,-122.44358625959259,5
231,Labrador,large,high,friendly,11,0.9769721802914049,83,0.5647087066796816,37.77410365063353,-122.44530760025499,8
232,Dachshund,small,medium,stubborn,4,0.596268683708058,10,0.3947581619441753,37.71653059863956,-122.38689155035475,1
233,Border Collie,medium,high,intelligent,9,0.8931266171825343,39,0.04309719762344604,37.73533276717404,-122.47704406881539,9
234,Poodle,medium,medium,intelligent,7,0.5531977257993106,49,0.34495208150912443,37.81730907992884,-122.42142647949949,7
235,Chihuahua,small,medium,nervous,2,0.3940762574661284,7,0.24303148202770788,37.750980298686,-122.41101439181801,0
236,Boxer,large,high,playful,7,0.8891242662762064,64,0.49163955156776395,37.77014370085538,-122.47214393975075,3
237,Husky,large,high,energetic,11,0.5797563536061745,60,0.5677669506589649,37.789112795382515,-122.37361530685799,9
238,Dachshund,small,medium,stubborn,3,0.6147577511204781,9,0.6014614778025401,37.792314956707415,-122.36380548453148,8
239,Beagle,medium,high,friendly,13,0.9013783569240782,50,0.6098332430001131,37.7670137046356,-122.36704079315147,9
240,Corgi,small,medium,friendly,11,0.8921847114145758,13,0.7214110099357663,37.762881154170756,-122.46194785771517,5
241,Bulldog,medium,low,calm,4,0.6781851478374502,32,0.3080170314115649,37.8203925073613,-122.48332691467152,4
242,Poodle,medium,medium,intelligent,13,0.6523721316584008,44,0.561102901827306,37.69203885811204,-122.38203317853136,1
243,Golden Retriever,large,high,friendly,9,0.9366468578023202,66,0.5400485043024292,37.81938157265888,-122.44045682983341,0
244,Corgi,small,medium,friendly,14,0.6318938864155836,17,0.8733109121519784,37.70132158310257,-122.51174495165101,10
245,Golden Retriever,large,medium,friendly,12,0.8098752981740055,88,0.789262567575362,37.81419811745578,-122.39287646483896,1
246,Bulldog,medium,low,calm,3,0.6880208340524838,49,0.7604094579931275,37.83348727542447,-122.43888470552734,4
247,Rottweiler,large,medium,protective,14,0.5254717233920285,82,0.7821581514834379,37.75266533261406,-122.5085161648411,4
248,Labrador,large,high,friendly,11,1.0,85,0.46173927211110843,37.802998536691256,-122.4500748761843,7
249,Shih Tzu,small,low,calm,2,0.5038432325543707,5,0.5229134119320488,37.818545152951174,-122.35636248896535,7
250,German Shepherd,large,low,protective,13,0.7285511282127117,75,0.7163116061658449,37.67835189548323,-122.4093113549256,8
251,Dachshund,small,medium,stubborn,14,0.47925929864777883,24,0.4415861931152173,37.79073959239101,-122.43024354809027,10
252,Husky,large,high,energetic,8,0.8805100330099961,70,0.816337540639154,37.74950326005052,-122.35685052912699,1
253,Golden Retriever,large,high,friendly,12,0.9775173154602461,86,0.13357218052042605,37.81054730461031,-122.2767341172012,5
254,Bulldog,medium,high,calm,8,0.7564128880944639,25,0.5674153504088028,37.77513867529152,-122.39938625406465,3
255,Corgi,small,medium,friendly,1,0.7837052710944219,21,0.5559017159839982,37.76023840148185,-122.38339228719275,5
256,Chihuahua,small,high,nervous,12,0.40084679970586046,23,0.1423749403432532,37.79439939234085,-122.42107878218641,0
257,Golden Retriever,large,high,friendly,8,1.0,98,0.3555936146736181,37.76871190189442,-122.31608978675041,2
258,Corgi,small,medium,friendly,2,0.657189308252866,11,0.6607425467451608,37.784921039666166,-122.39307089268094,1
259,Border Collie,medium,low,intelligent,1,0.7470986774841826,57,0.6134622978523171,37.7914396353895,-122.3751577420564,0
260,Husky,large,high,energetic,2,0.6886721655344447,92,0.17351076078845096,37.68987020887656,-122.39139200965263,3
261,Bulldog,medium,low,calm,5,0.5748152815765964,33,0.662600914498542,37.80442878294032,-122.30340960771176,9
262,Pomeranian,small,medium,bold,11,0.5512565630261828,18,0.40208452351204127,37.77570096971421,-122.35772475767085,6
263,Bulldog,medium,medium,calm,14,0.750156599197231,49,0.3453652304502312,37.81464512962932,-122.42699210711515,5
264,Labrador,large,high,friendly,11,0.9586658222756181,89,0.8897878957858542,37.78400719162073,-122.39294617334129,9
265,Pomeranian,small,medium,bold,6,0.5325200566969867,18,0.40420771504163283,37.74516648564009,-122.46699841928769,8
266,Chihuahua,small,medium,nervous,1,0.5056263739115454,20,0.6282556522085195,37.82759727829607,-122.51063964587802,0
267,Shih Tzu,small,low,calm,5,0.5788393005342135,22,0.4625094221637004,37.719174909300214,-122.43025686717444,7
268,Husky,large,medium,energetic,6,0.6639110304291737,63,0.23220169036891006,37.74116298771634,-122.39481198312893,8
269,Corgi,small,medium,friendly,5,0.7042509948575303,11,0.5939797099023787,37.720545404412924,-122.42498290414213,0
270,Husky,large,high,energetic,11,0.6909570741765967,90,0.824585041048324,37.753103859236724,-122.46010740718978,6
271,Pomeranian,small,medium,bold,12,0.5231138211349152,9,0.4031243211798087,37.79714634853113,-122.4328639413706,5
272,Border Collie,medium,high,intelligent,1,0.7217198036354475,55,0.22710197870497545,37.83635899278389,-122.48452879299963,0
273,Husky,large,high,energetic,14,0.6029762324781278,94,0.5516997977361228,37.76800271417592,-122.41922378898323,6
274,Beagle,medium,high,friendly,6,0.7245919417193024,36,0.7018765024628918,37.70615333002358,-122.54047426256969,1
275,Husky,large,high,energetic,12,0.6501916459302777,99,0.4809510686480532,37.75311755955593,-122.39060407868385,6
276,Chihuahua,small,high,nervous,10,0.27855567199905173,22,0.7048703004553001,37.831383465607196,-122.35402664652234,2
277,Boxer,large,high,playful,4,0.7219447889388185,72,0.3982534505516463,37.807896681017155,-122.4383401638776,10
278,Pomeranian,small,low,bold,2,0.5627909276403336,10,0.36928015792135865,37.748474757123795,-122.41468959672513,2
279,Pomeranian,small,low,bold,1,0.5275517233969024,17,0.7280741641045724,37.71256749502998,-122.46914262487607,1
280,Corgi,small,medium,friendly,9,0.7280299842409013,21,0.8275574158857353,37.774705363650284,-122.45992680793496,3
281,Poodle,medium,high,intelligent,12,0.8472309646294568,25,0.3126432201742404,37.77245134740327,-122.4098613555093,2
282,Chihuahua,small,medium,nervous,2,0.57102079250631,24,0.2581357351905589,37.8088204113648,-122.40356405292651,2
283,Chihuahua,small,medium,nervous,4,0.4834716853161217,11,0.5597665849843259,37.740802663657256,-122.43868435655114,8
284,Boxer,large,high,playful,13,0.7649863450415366,74,0.7406367212379283,37.759243161221704,-122.39872794426911,0
285,Shih Tzu,small,high,calm,1,0.5989655080519782,9,0.2594681197529731,37.78497560285784,-122.43933618287664,2
286,Shih Tzu,small,high,calm,8,0.7685765651813572,13,0.033448901719786074,37.784320753351736,-122.4487778473104,1
287,Pomeranian,small,medium,bold,13,0.4857974925854888,14,0.03453949264954117,37.70738635361287,-122.48479692931805,7
288,German Shepherd,large,high,protective,4,0.5605427882276269,72,0.28634549599900216,37.84843167238644,-122.43503779362015,10
289,Dachshund,small,medium,stubborn,3,0.5028258529172179,20,0.534514009236517,37.79819471763228,-122.4646787751337,9
290,Bulldog,medium,low,calm,9,0.7764620167639974,50,0.6513120870488975,37.80870023215586,-122.3462012023804,9
291,Dachshund,small,medium,stubborn,8,0.47806344974642356,5,0.6254975429038415,37.74595723581983,-122.42879913109101,0
292,Beagle,medium,high,friendly,7,0.7796497429659651,38,0.09946875567009643,37.85791234283843,-122.40067043462773,1
293,Dachshund,small,medium,stubborn,10,0.46310207870064785,7,0.6518971849818168,37.70495696564488,-122.42620494741261,0
294,Dachshund,small,medium,stubborn,4,0.3699654405801968,16,0.5062925348907861,37.77299011921787,-122.35258706845485,0
295,Labrador,large,medium,friendly,11,1.0,62,0.35683538413489074,37.696193194329936,-122.46326910797038,6
296,Golden Retriever,large,high,friendly,8,0.8664520500439007,73,0.8039738757339535,37.73040952782227,-122.43920485233109,1
297,Husky,large,high,energetic,9,0.7346694271287394,62,0.3251260841487764,37.79472770631235,-122.44801666787124,9
298,Beagle,medium,medium,friendly,14,0.8253637150570019,59,0.51045178980884,37.77232098634971,-122.4786591664817,8
299,Husky,large,high,energetic,13,0.5774021149599048,60,0.8022640879121357,37.74924637150717,-122.34262022034778,2
300,Husky,large,high,energetic,3,0.6147019763396561,93,0.31315508351168225,37.79327658084965,-122.44645870500297,9
301,Dachshund,small,medium,stubborn,4,0.4165581355058084,8,0.09453813052966697,37.7689380112679,-122.45040894592269,0
302,Chihuahua,small,medium,nervous,13,0.46774218532723955,12,0.6413386504519273,37.785761517606126,-122.47279467977341,2
303,Corgi,small,high,friendly,2,0.66878915026407,24,0.1164383811890919,37.77774894141199,-122.39079510540327,0
304,Corgi,small,medium,friendly,1,0.8526945470410592,20,0.43114233328229845,37.762417141403816,-122.44199945619962,3
305,Beagle,medium,high,friendly,5,0.9600693262947182,44,0.4543599379892871,37.74089330138717,-122.35514522592639,1
306,Corgi,small,medium,friendly,9,0.7415239581293276,16,0.08806095800483885,37.75103351198113,-122.34204949396252,0
307,Husky,large,high,energetic,6,0.7754265916015711,75,0.7985118576004708,37.753593896553106,-122.31362321351156,10
308,Dachshund,small,low,stubborn,6,0.5175672168400812,19,0.3019173484867494,37.84241693140952,-122.41918318584842,0
309,Husky,large,high,energetic,4,0.4635113146008072,80,0.4480295601938491,37.69993952782496,-122.41149389322614,8
310,Rottweiler,large,medium,protective,10,0.42962002240326824,64,0.30240137960010144,37.78795759661003,-122.36619025837715,3
311,German Shepherd,large,low,protective,1,0.5678701243996757,94,0.5256421419975609,37.788930016488074,-122.42631243056151,10
312,Chihuahua,small,low,nervous,2,0.3439169727145881,19,0.5544331559184004,37.77022340831837,-122.47810905071026,3
313,Corgi,small,medium,friendly,7,0.679011678887194,15,0.20427296443735465,37.67121773073047,-122.46350974146458,5
314,Labrador,large,high,friendly,10,1.0,87,0.4705618743700084,37.78327196499282,-122.43631942157513,0
315,Shih Tzu,small,low,calm,5,0.5243365933623294,13,0.3810276114150951,37.82805119967115,-122.31100474049157,9
316,Golden Retriever,large,high,friendly,4,1.0,80,0.6372119781888484,37.80468468310578,-122.4021707044429,8
317,Bulldog,medium,low,calm,9,0.4472966164632711,47,0.631585419513482,37.862947444253535,-122.50390796797308,2
318,Poodle,medium,high,intelligent,9,0.785372004163334,54,0.47696810945719825,37.74758623582559,-122.43681945545656,9
319,Boxer,large,high,playful,8,0.6816175341807857,91,0.16863465608392367,37.81908976634076,-122.37693340965018,8
320,Husky,large,high,energetic,13,0.5687648669000327,63,0.49525747115422936,37.719244629159924,-122.3787058175027,8
321,Boxer,large,low,playful,14,0.7263478423591875,99,0.16038394058996164,37.71362881006413,-122.45861355238857,8
322,Chihuahua,small,medium,nervous,7,0.35156913720121813,15,0.8271098299265808,37.773715573663964,-122.40576912072204,5
323,Labrador,large,high,friendly,5,0.9225693964487589,86,0.8144408720097609,37.80111972727637,-122.41013977016202,1
324,Boxer,large,high,playful,6,0.6909236564279964,80,0.4311722547759981,37.765652843535165,-122.43850237914164,1
325,Poodle,medium,medium,intelligent,2,0.8002412346257706,41,0.2725085795315045,37.732462165978326,-122.4289734458837,9
326,Bulldog,medium,low,calm,12,0.7046393318460243,58,0.6807627463074486,37.7329741175115,-122.45627191965221,10
327,Beagle,medium,medium,friendly,3,0.8071801662470097,58,0.16358938161395228,37.678869381882926,-122.41237811238184,3
328,Dachshund,small,medium,stubborn,11,0.42989004518117263,15,0.2150495137111948,37.77531194849907,-122.42850635310542,10
329,Dachshund,small,medium,stubborn,11,0.42153658948041206,16,0.2561822764625867,37.768772606576995,-122.37303120482026,7
330,German Shepherd,large,high,protective,13,0.6065086365363942,99,0.44295599680812,37.76766305804329,-122.38258950655232,9
331,Golden Retriever,large,medium,friendly,4,1.0,78,0.4094477092530339,37.81043796150478,-122.4971811270363,0
332,German Shepherd,large,high,protective,10,0.4484260190224779,94,0.7489909297473583,37.74434719461606,-122.42335333742842,7
333,Bulldog,medium,low,calm,8,0.531227464781116,45,0.6151683320620072,37.66839091168386,-122.41451802254728,9
334,Boxer,large,high,playful,12,0.7580599850622329,81,0.5623776912343702,37.737576451313956,-122.38649792337105,10
335,Labrador,large,high,friendly,13,0.9402829827264381,94,0.1137404037180468,37.68500998699543,-122.33112025561672,6
336,Chihuahua,small,medium,nervous,1,0.28398374721868197,22,0.476231570229049,37.708527974979525,-122.41827373213489,4
337,Corgi,small,medium,friendly,1,0.6563346421472781,12,0.4401216687924929,37.837937915426295,-122.45824841780168,7
338,Shih Tzu,small,low,calm,5,0.5917019012367831,5,0.6290198634456731,37.71188193666128,-122.44613076545286,0
339,Golden Retriever,large,high,friendly,14,0.9196197073392542,86,0.10802018595975056,37.72105943821045,-122.40530726950257,0
340,Boxer,large,high,playful,7,0.924761430256067,85,0.6348814869126734,37.8246049145683,-122.45374550226013,0
341,Rottweiler,large,medium,protective,3,0.6032638337039571,90,0.8238977092363066,37.870519527483886,-122.46535652996359,0
342,Beagle,medium,high,friendly,4,0.8514316255853931,56,0.8953579947665284,37.80027250282336,-122.39502687305496,10
343,Chihuahua,small,medium,nervous,12,0.4990144788105751,6,0.09242342616416448,37.82335025159685,-122.4387335089501,3
344,Chihuahua,small,medium,nervous,10,0.4919140497220563,24,0.566562884494181,37.753217019784344,-122.3692374952727,4
345,Shih Tzu,small,low,calm,1,0.5970405713612212,7,0.40385176001048667,37.68790352984166,-122.44435805256015,0
346,Poodle,medium,medium,intelligent,1,0.6370041493883504,35,0.8177694098400549,37.72439411086842,-122.50222887148144,9
347,Rottweiler,large,medium,protective,14,0.4397668809987412,78,0.4967706501175334,37.7065799343961,-122.51892296125797,2
348,Golden Retriever,large,medium,friendly,6,0.8982861934785225,72,0.5417302847956514,37.682287731243605,-122.49167225348927,7
349,Rottweiler,large,high,protective,5,0.6097429669259615,88,0.7268320936573,37.77405476072418,-122.29844787816862,3
350,Poodle,medium,medium,intelligent,11,0.869315004179555,42,0.2924024717469537,37.68568865681864,-122.51358656110091,8
351,Labrador,large,high,friendly,10,0.8987313382860763,90,0.6710222595413007,37.763842197963335,-122.45700126702846,2
352,Shih Tzu,small,low,calm,13,0.6015989425448419,22,0.5244201636237892,37.79461331068541,-122.38265765781182,0
353,Corgi,small,medium,friendly,13,0.5449479729805716,24,0.7191348180397253,37.77297583666441,-122.44250506527202,0
354,Husky,large,high,energetic,7,0.48620992705849114,81,0.7864335566908982,37.73511782502307,-122.43962307927252,3
355,Beagle,medium,low,friendly,6,0.9636878287174331,35,0.3449419663419106,37.84515834920792,-122.40349979260121,9
356,Rottweiler,large,medium,protective,4,0.4646679766516666,69,0.46304840588900353,37.81723520506125,-122.41703690475978,10
357,Rottweiler,large,high,protective,12,0.642091263918799,88,0.7942002634894968,37.79952390410828,-122.45671368473172,3
358,Husky,large,high,energetic,14,0.8424150743979976,74,0.34967504454625603,37.75263720061705,-122.313153828504,8
359,Bulldog,medium,low,calm,5,0.6439478733404022,37,0.47698693768224215,37.703256030954165,-122.3010233541952,0
360,Chihuahua,small,medium,nervous,7,0.4623793982748059,12,0.8517133523969345,37.63440197976237,-122.43415099415682,7
361,Dachshund,small,medium,stubborn,10,0.4915563727257988,8,0.5372626059078179,37.7558973218579,-122.3652457986205,1
362,Husky,large,high,energetic,3,0.819422904730794,83,0.5714360926993723,37.831160750955945,-122.47353687214809,8
363,Chihuahua,small,medium,nervous,10,0.4127450775510256,7,0.39565024897964185,37.85949640414412,-122.43287854713539,0
364,Chihuahua,small,medium,nervous,4,0.5314785892965536,16,0.48625881448535074,37.712543600860684,-122.29646974891297,3
365,Corgi,small,medium,friendly,10,0.6784648482316132,15,0.40116348522554857,37.82636020830704,-122.44524030885339,6
366,Corgi,small,medium,friendly,6,0.7181868588568145,16,0.5276633560182109,37.82095582747957,-122.35430050635848,1
367,Rottweiler,large,medium,protective,14,0.6482049927529066,69,0.6470101147572676,37.74356584119215,-122.4194889838289,0
368,Pomeranian,small,high,bold,7,0.38435250693018413,9,0.6549485509852735,37.81380885348976,-122.36220425984315,1
369,Poodle,medium,low,intelligent,5,0.8598622102579705,54,0.6562775166239415,37.78369190013229,-122.37189002562357,7
370,Dachshund,small,medium,stubborn,13,0.5135209379474133,11,0.6989349298371711,37.75174751894596,-122.40461624357732,5
371,Chihuahua,small,medium,nervous,8,0.43550653112328375,15,0.5522343083077322,37.74859013777058,-122.38739096210017,0
372,Beagle,medium,high,friendly,2,0.830167125573049,35,0.6894303054107734,37.882498965704485,-122.37516346526552,2
373,Boxer,large,high,playful,8,0.9467624205408246,68,0.36852507290776565,37.705129303696566,-122.41954037174979,10
374,Shih Tzu,small,high,calm,4,0.4934670010168284,18,0.45438646894026585,37.67996514295321,-122.38613462670449,1
375,Beagle,medium,low,friendly,9,0.7906646661185426,51,0.4496009501863129,37.786199315059534,-122.43764931403715,0
376,Poodle,medium,medium,intelligent,10,0.7333638319084946,59,0.46976046856137066,37.71442286567,-122.45410156035052,0
377,Border Collie,medium,high,intelligent,1,0.789343395088428,37,0.5037516312429748,37.69998146891778,-122.44804027688828,3
378,Pomeranian,small,medium,bold,3,0.6248051019695512,9,0.5145938943590016,37.68753969185551,-122.35053108952116,3
379,Pomeranian,small,medium,bold,4,0.6883125768385951,7,0.47673184537180946,37.78056273903178,-122.47292949415292,7
380,Boxer,large,high,playful,6,0.8073796637872319,69,0.2708226309257292,37.79107639984213,-122.42948616555562,8
381,Border Collie,medium,high,intelligent,9,0.6912681350026678,43,0.45326508757201794,37.752081965094256,-122.4170561099467,3
382,Dachshund,small,medium,stubborn,2,0.289678521991625,6,0.8563291121461344,37.7990598552674,-122.36779993870499,3
383,Beagle,medium,high,friendly,14,0.8836395420979332,29,0.8491660794985315,37.76660748796877,-122.28796885731984,8
384,Boxer,large,medium,playful,3,0.7252629942298124,65,0.25690080688427097,37.74197771903266,-122.44446944001075,8
385,Labrador,large,high,friendly,10,0.9321524650397094,71,0.727865147971713,37.75558496549754,-122.32894388703802,5
386,Husky,large,high,energetic,12,0.708332099331112,88,0.4614997311671971,37.76402927138854,-122.31267616244402,2
387,Beagle,medium,high,friendly,2,0.7549777171230524,57,0.7861783335916065,37.7848875985198,-122.41799164476849,0
388,Border Collie,medium,high,intelligent,12,0.7761450264507275,41,0.7074072590788569,37.736134085484295,-122.51407146102376,2
389,Chihuahua,small,medium,nervous,5,0.4245828443760829,23,0.6746516816072557,37.76611978920929,-122.41596631067584,7
390,Rottweiler,large,medium,protective,7,0.6073991479546146,66,0.5221982697966473,37.74917475557761,-122.41455850997521,3
391,Corgi,small,medium,friendly,9,0.7348811838260476,21,0.5880182063026427,37.65168868463746,-122.43387669855822,6
392,Dachshund,small,medium,stubborn,8,0.7751647060603422,15,0.6140452255318845,37.760680901847806,-122.52169094743556,5
393,Beagle,medium,high,friendly,9,0.9279569235760307,39,0.3360996153050016,37.85860442892022,-122.40057104423562,3
394,Golden Retriever,large,high,friendly,8,0.7997990030821038,73,0.5349456715530694,37.83457897834135,-122.46786731179877,9
395,Dachshund,small,medium,stubborn,1,0.5748656553054252,7,0.299336755229841,37.775919727263194,-122.48431877817708,0
396,Dachshund,small,medium,stubborn,7,0.5751906040466166,11,0.7675275290067737,37.830935845915484,-122.38852748655252,5
397,Dachshund,small,medium,stubborn,1,0.4294722399778335,24,0.3567200371458046,37.83885009241421,-122.35594632644982,8
398,Poodle,medium,medium,intelligent,8,0.7311261483201362,51,0.8343236794542,37.80216005595662,-122.36748130313194,1
399,Poodle,medium,medium,intelligent,7,0.9084320434671183,34,0.5977225752649039,37.81285301589707,-122.38566607782457,3
400,Golden Retriever,large,high,friendly,4,0.856896356393135,82,0.6992279398565242,37.763536753312124,-122.3588597436236,10
401,German Shepherd,large,low,protective,7,0.5724002672997319,60,0.2928271556112466,37.741139004899715,-122.38539970783613,4
402,Border Collie,medium,high,intelligent,7,0.647701972220015,39,0.3511302241795569,37.78899334008167,-122.42527993400105,7
403,Dachshund,small,medium,stubborn,5,0.3711246499333012,13,0.6986623966742114,37.8069361152243,-122.34731478140604,4
404,Dachshund,small,medium,stubborn,10,0.6802948809691918,16,0.4989311193767677,37.749253598313466,-122.41304878519824,0
405,Husky,large,medium,energetic,9,0.6962474515609797,60,0.23762163839497874,37.77663658161515,-122.37861290751906,0
406,Border Collie,medium,high,intelligent,11,0.7624823089563798,37,0.4223183044084135,37.80352805564994,-122.3838082865421,1
407,Rottweiler,large,medium,protective,4,0.5740930238047147,71,0.182920776836404,37.72078000494434,-122.35921526182872,0
408,Chihuahua,small,medium,nervous,11,0.384929829670919,8,0.6259181309651368,37.7911352197656,-122.38502459615162,3
409,Poodle,medium,medium,intelligent,12,0.8345196130777376,52,0.3631430669597772,37.75028463653774,-122.30636181695195,10
410,Pomeranian,small,medium,bold,1,0.276605710745172,6,0.7411620351540934,37.79689335660322,-122.442564496999,8
411,Golden Retriever,large,high,friendly,5,0.7620577647248089,86,0.05773596626274237,37.773300364147,-122.502573268262,7
412,Dachshund,small,medium,stubborn,6,0.5642494748623665,5,0.5317464041128805,37.834365219400254,-122.45003601917573,5
413,Dachshund,small,medium,stubborn,8,0.34834156638705616,19,0.2490046507637405,37.71589069656436,-122.43748843377817,10
414,Shih Tzu,small,medium,calm,12,0.4154843335925559,21,0.6246460483367611,37.761200570432585,-122.45562731212725,0
415,Boxer,large,high,playful,3,0.7375807826410508,76,0.5636947837045198,37.78038717705693,-122.49819523826979,5
416,Bulldog,medium,low,calm,14,0.7789871448004608,35,0.5872035594103242,37.74397410185812,-122.41719760879144,1
417,Border Collie,medium,high,intelligent,6,0.5010226148306821,54,0.4029168968507507,37.757113024778405,-122.42009510121355,3
418,Labrador,large,high,friendly,2,0.610503065569806,86,0.6960491634320312,37.741391667735265,-122.42066459422233,9
419,Pomeranian,small,medium,bold,2,0.47372144171359337,14,0.7257407841439245,37.74067193197678,-122.36796337729547,5
420,Golden Retriever,large,high,friendly,10,0.9543896305565892,74,0.6644387506597932,37.770616221529984,-122.55833670062701,1
421,Poodle,medium,medium,intelligent,4,0.6609611013968532,57,0.39210746379966216,37.82256083845497,-122.34618930397953,10
422,Bulldog,medium,medium,calm,9,0.8241081694478493,46,0.3886185416378085,37.819274894062694,-122.32247258860772,6
423,Boxer,large,high,playful,8,0.7238372541064517,85,0.5620051230466675,37.790479184563196,-122.36096309366037,1
424,Dachshund,small,medium,stubborn,4,0.3756705992736559,16,0.7666664003537695,37.78114711966532,-122.41814488794417,1
425,Shih Tzu,small,low,calm,12,0.5868186682746451,24,0.7624887060987231,37.77153149060361,-122.52491098924237,0
426,Pomeranian,small,high,bold,2,0.36697302054094616,13,0.3419074656812486,37.70236321075994,-122.47588509832626,3
427,Border Collie,medium,high,intelligent,13,0.6479124923845371,48,0.5730649374944133,37.792840835977444,-122.4419060720378,9
428,Border Collie,medium,high,intelligent,6,0.7418597800493971,53,0.586073369175255,37.78771326951333,-122.34245869988112,7
429,Beagle,medium,low,friendly,4,0.827153172222131,48,0.5540161903046354,37.777608211702365,-122.34252454725929,10
430,Golden Retriever,large,high,friendly,2,0.8309249084516195,79,0.7911572561248184,37.719655091749196,-122.41346399819825,4
431,Dachshund,small,medium,stubborn,11,0.36913830575757467,22,0.8547090081906379,37.737473134534156,-122.472343946332,0
432,Poodle,medium,medium,intelligent,6,0.7825456816968638,36,0.7330789167802364,37.85295279952207,-122.38349277137242,5
433,German Shepherd,large,high,protective,5,0.7733535673983221,79,0.5969798064741013,37.821885845086,-122.41205641432602,8
434,Bulldog,medium,low,calm,8,0.679845629770033,41,0.35060617831805,37.80724561375217,-122.39351398748124,8
435,Shih Tzu,small,low,calm,5,0.6648512286120983,24,0.16660025053764455,37.722734865303174,-122.36107221842978,9
436,Beagle,medium,high,friendly,8,0.884372064823666,28,0.46102164439382426,37.80006232120525,-122.44609668164335,7
437,Pomeranian,small,medium,bold,8,0.5193699569608843,7,0.3076625833024181,37.75919806617324,-122.41310430305589,0
438,Husky,large,high,energetic,14,0.7457769442432209,74,0.7531879965002426,37.735661243054686,-122.45890442616826,10
439,Pomeranian,small,medium,bold,5,0.7990847848837608,22,0.4547678240620688,37.79436156631608,-122.47612198374195,3
440,Rottweiler,large,medium,protective,10,0.4345245656197554,70,0.7110715307666543,37.67687379294755,-122.38300761186626,8
441,German Shepherd,large,medium,protective,7,0.6116184697639329,83,0.5532199804779717,37.64986847045259,-122.3068517403154,2
442,Boxer,large,high,playful,5,0.7045205591203362,85,0.5844932633208583,37.73511968593154,-122.3574669108191,2
443,Golden Retriever,large,high,friendly,6,0.9832407998146493,80,0.6268639382563929,37.75921915544105,-122.42541652369795,8
444,Rottweiler,large,medium,protective,11,0.35050871642742243,76,0.18353867401787682,37.78683357180628,-122.40108009269338,10
445,Bulldog,medium,medium,calm,1,0.6851719771231528,37,0.7832904324788675,37.793764114173804,-122.48362095912638,9
446,Chihuahua,small,medium,nervous,14,0.17263347100643142,22,0.09256172964784833,37.72918314674201,-122.44193718036811,7
447,Shih Tzu,small,high,calm,9,0.6355663514348552,24,0.20987748397464395,37.85456453371659,-122.42699811862884,0
448,Boxer,large,high,playful,9,0.7489150436800528,85,0.420598344534958,37.80173098907225,-122.45321186145047,2
449,Golden Retriever,large,low,friendly,7,0.9211883377838631,62,0.6441847611701792,37.79238458409684,-122.43114934384299,0
450,Poodle,medium,medium,intelligent,11,0.6825851723651809,56,0.5591642081105864,37.753012210269894,-122.51647179506047,5
451,Chihuahua,small,medium,nervous,7,0.2516589301167702,18,0.72006264814033,37.765878422597694,-122.39778491513962,10
452,Rottweiler,large,low,protective,14,0.3556610815585368,74,0.1287091860738484,37.841464953626115,-122.4100752870533,10
453,Shih Tzu,small,low,calm,7,0.6124180586927842,22,0.5933922273932838,37.74354672704779,-122.34617189401192,3
454,Shih Tzu,small,low,calm,6,0.4389296260788924,17,0.3858704709119254,37.87727181631332,-122.34445238882003,9
455,Boxer,large,high,playful,3,0.7216238094548233,88,0.5119840339981059,37.82572815636237,-122.52284595091211,8
456,Husky,large,high,energetic,10,0.7089927462672709,73,0.8424358724680644,37.77981670979248,-122.41177673261707,9
457,Shih Tzu,small,high,calm,5,0.7278407200665054,23,0.4762699787231605,37.824692903599775,-122.41803841958246,5
458,Poodle,medium,medium,intelligent,11,0.763580665434132,37,0.16232226337544808,37.79163454936151,-122.46354551669673,0
459,German Shepherd,large,high,protective,1,0.6632393801570026,81,0.2699214579323148,37.84997539550324,-122.4863219091721,8
460,Rottweiler,large,low,protective,1,0.5443525662769592,69,0.7335682489457417,37.69229289019151,-122.40657253133597,0
461,Golden Retriever,large,high,friendly,2,0.9537599327777683,65,0.5610734382845952,37.72767506639767,-122.40918495915636,2
462,Rottweiler,large,medium,protective,10,0.39803941374729607,72,0.27121377259342755,37.777632902554146,-122.41008690561287,10
463,Labrador,large,high,friendly,4,0.918059615392583,77,0.49030475144997965,37.66335910508173,-122.4768605758149,2
464,Shih Tzu,small,high,calm,5,0.622050633580277,8,0.8576930619609424,37.813074835798474,-122.35291131561137,3
465,Border Collie,medium,high,intelligent,3,0.8144267553219123,51,0.20235459108957515,37.76640120093407,-122.4920827582372,0
466,Labrador,large,high,friendly,10,0.7645246094535306,83,0.20926288151151767,37.83492041742524,-122.41580522246564,8
467,German Shepherd,large,high,protective,3,0.6999785229874615,62,0.9854015253222083,37.85881326808369,-122.51120160067761,4
468,Husky,large,low,energetic,1,0.8631709298270729,73,0.5191427877424963,37.79985886672454,-122.45902070405681,3
469,Beagle,medium,high,friendly,10,0.8274496736028917,27,0.4087197123126561,37.76170538046576,-122.40633393827777,0
470,Labrador,large,high,friendly,8,0.692920583010842,74,0.8947994760384723,37.76367772649612,-122.56930387931874,9
471,Poodle,medium,low,intelligent,13,0.6604896491246686,55,0.3803410697178145,37.8025805951873,-122.38577767988104,0
472,Dachshund,small,low,stubborn,9,0.5590300090513398,14,0.7106415228207384,37.811973711298975,-122.42872212183104,5
473,Golden Retriever,large,high,friendly,8,1.0,63,0.3996843434718064,37.89136984548077,-122.36774031061289,1
474,Golden Retriever,large,high,friendly,8,0.8429990528083962,82,0.07641436764571616,37.77645131470841,-122.32677227403089,3
475,Golden Retriever,large,high,friendly,5,1.0,90,0.368321315684054,37.79942340222727,-122.44361034845602,9
476,Rottweiler,large,medium,protective,3,0.509035626766205,70,0.47725162308479596,37.79685136751369,-122.41257915694592,2
477,Shih Tzu,small,medium,calm,14,0.4929282821856578,11,0.1657048572421322,37.77758351541873,-122.49721938296,0
478,Corgi,small,medium,friendly,1,0.756414945036742,22,0.2534981391409059,37.80988854485603,-122.42103747166287,3
479,Rottweiler,large,medium,protective,8,0.5709371190260282,76,0.7445053918297861,37.7082711030754,-122.32801503934165,10
480,Shih Tzu,small,low,calm,5,0.5655181821247894,5,0.4684464197526855,37.63246622453415,-122.3929938144632,0
481,Boxer,large,high,playful,14,0.7513932984312374,69,0.5740931162579986,37.83046990675304,-122.28511975248391,9
482,Beagle,medium,high,friendly,12,0.9175205677283408,54,0.807670568961358,37.68740637163053,-122.39920218520953,7
483,Dachshund,small,medium,stubborn,13,0.46548236271895577,19,0.4667764433205711,37.75584918168111,-122.34526397336445,5
484,Golden Retriever,large,low,friendly,4,0.9030751631327704,74,0.2772239655960265,37.832635439306266,-122.30219593348491,7
485,Poodle,medium,high,intelligent,10,0.6534133928898989,44,0.5034816274934566,37.802912849296945,-122.44380081380794,0
486,Bulldog,medium,low,calm,4,0.7922154057787945,32,0.6210055300260472,37.755880811036484,-122.48109850342352,0
487,Beagle,medium,high,friendly,11,0.8036464480032075,52,0.20523868643075316,37.692326131717934,-122.49541936677026,3
488,Golden Retriever,large,high,friendly,5,0.8542869552765439,75,0.33102380100769163,37.76944444689581,-122.47338915663319,3
489,Golden Retriever,large,high,friendly,9,0.8796149589432956,89,0.38343531451217167,37.743595890405324,-122.40907037426226,3
490,Bulldog,medium,low,calm,1,0.6851062691107892,27,0.06388439800387805,37.77089512352779,-122.47825786659956,7
491,Beagle,medium,high,friendly,4,0.8239476272364253,47,0.15994248424859334,37.77864921047752,-122.36466637206276,10
492,Dachshund,small,medium,stubborn,9,0.6977566677972938,14,0.4452980066515633,37.763469620433035,-122.43169287229118,1
493,Bulldog,medium,low,calm,6,0.6265481651116802,49,0.6204545719988104,37.64105588244035,-122.41383691997937,10
494,Beagle,medium,medium,friendly,1,0.8877749793103455,38,0.6844422900926558,37.797877899715154,-122.43102438392586,0
495,Boxer,large,high,playful,13,0.7509642996936412,98,0.43676724530020794,37.69590290892087,-122.41282514411718,8
496,Rottweiler,large,high,protective,10,0.4086256532826015,63,0.527285741722882,37.743160515857475,-122.40505661956065,2
497,Labrador,large,high,friendly,14,0.9505562517912567,71,0.5757526220597208,37.69919139154627,-122.40709160781462,0
498,Pomeranian,small,high,bold,12,0.5321453070813826,18,0.8269906337486352,37.7563695617108,-122.43794363905504,3
499,Husky,large,high,energetic,13,0.7130292697171506,90,0.04764634648222293,37.74512167112817,-122.39359694810577,0
